pattern_id,pattern_name_vi,pattern_description,tcm_disease_name,etiology_tcm,affected_meridians_organs,eight_principles,modern_diagnostic_findings,clinical_manifestations,data_source
SP001,Thể hàn thấp,Thường gặp trong những trường hợp đau thắt lưng do lạnh.,Đau cột thắt lưng (Yêu thống),Ngoại nhân (hàn thấp),Bàng quang,Biểu thực hàn,"Các xét nghiệm phát hiện dấu hiệu viêm, bilan phospho - calci thường trong giới hạn bình thường. Xquang thường quy bình thường hoặc có thể có các hình ảnh hẹp các khe liên đốt, gai xương ở thân đốt sống hoặc đốt sống bị lún xẹp do loãng xương.","Đau nhiều vùng thắt lưng, đau tăng khi trời lạnh, ẩm, cơ cạnh cột 
sống co cứng, ấn đau, không đỏ, sợ lạnh, rêu lưỡi trắng mỏng. Mạch phù khẩn.",HƯỚNG DẪN CHẨN ĐOÁN VÀ ĐIỀU TRỊ BỆNH THEO Y HỌC CỔ TRUYỀN KẾT HỢP Y HỌC CỔ TRUYỀN VÀ Y HỌC HIỆN ĐẠI - Trang 8
SP002,Thể thấp nhiệt,Thường gặp trong những trường hợp đau thắt lưng do nhiễm khuẩn vùng cột sống.,Đau cột thắt lưng (Yêu thống),Ngoại nhân (thấp nhiệt),Bàng quang,Biểu thực nhiệt.,"Các xét nghiệm phát hiện dấu hiệu viêm, bilan phospho - calci thường trong giới hạn bình thường. Xquang thường quy bình thường hoặc có thể có các hình ảnh hẹp các khe liên đốt, gai xương ở thân đốt sống hoặc đốt sống bị lún xẹp do loãng xương.","Vùng thắt lưng đau kèm theo sưng nóng đỏ hoặc có cảm giác nóng 
bứt rứt, có thể sốt, chất lưỡi đỏ, rêu lưỡi vàng dầy. Mạch nhu sác.",HƯỚNG DẪN CHẨN ĐOÁN VÀ ĐIỀU TRỊ BỆNH THEO Y HỌC CỔ TRUYỀN KẾT HỢP Y HỌC CỔ TRUYỀN VÀ Y HỌC HIỆN ĐẠI - Trang 9
SP003,Thể huyết ứ,"Thường gặp trong những trường hợp đau thắt lưng do căng giãn dây chằng, thoát vị đĩa đệm cột sống thắt lưng, khối u vùng cột sống thắt lưng.",Đau cột thắt lưng (Yêu thống),Bất nội ngoại nhân,Bàng quang,Biểu thực,"Các xét nghiệm phát hiện dấu hiệu viêm, bilan phospho - calci thường trong giới hạn bình thường. Xquang thường quy bình thường hoặc có thể có các hình ảnh hẹp các khe liên đốt, gai xương ở thân đốt sống hoặc đốt sống bị lún xẹp do loãng xương.","Đau lưng xuất hiện sau khi vác nặng, lệch người hoặc sau một động tác thay đổi tư thế đột ngột, đau dữ dội ở một chỗ, cự án, vận động bị hạn chế, thay đổi tư thế thì đau tăng, chất lưỡi tím, có điểm ứ huyết. Mạch sáp",HƯỚNG DẪN CHẨN ĐOÁN VÀ ĐIỀU TRỊ BỆNH THEO Y HỌC CỔ TRUYỀN KẾT HỢP Y HỌC CỔ TRUYỀN VÀ Y HỌC HIỆN ĐẠI - Trang 10
SP004,Thể can thận hư,"Thường gặp trong những trường hợp đau thắt lưng do thoái hóa cột sống thắt lưng, loãng xương, gặp ở người cao tuổi",Đau cột thắt lưng (Yêu thống),"Bất nội ngoại nhân (nội thương), ngoại nhân (phong hàn thấp).","Can thận hư, bệnh tại kinh bàng quang","Biểu lý tương kiêm, hư trung hiệp thực","Các xét nghiệm phát hiện dấu hiệu viêm, bilan phospho - calci thường trong giới hạn bình thường. Xquang thường quy bình thường hoặc có thể có các hình ảnh hẹp các khe liên đốt, gai xương ở thân đốt sống hoặc đốt sống bị lún xẹp do loãng xương.","Đau âm ỉ, chân gối yếu, lao động đau nhiều, nghỉ ngơi đau giảm ít. Trường hợp dương hư thì sắc mặt nhợt, chân tay lạnh, bụng dưới lạnh đau, sắc lưỡi nhợt. Mạch trầm tế. Nếu âm hư thì miệng họng khô, sắc mặt đỏ, lòng bàn tay bàn chân nóng, lưỡi đỏ. Mạch tế sác",HƯỚNG DẪN CHẨN ĐOÁN VÀ ĐIỀU TRỊ BỆNH THEO Y HỌC CỔ TRUYỀN KẾT HỢP Y HỌC CỔ TRUYỀN VÀ Y HỌC HIỆN ĐẠI - Trang 11
SP005,Thể thận dương hư,,Đau cột thắt lưng (Yêu thống),Bất nội ngoại nhân (nội thương),Thận dương hư,"Lý, hư, hàn.","Các xét nghiệm phát hiện dấu hiệu viêm, bilan phospho - calci thường trong giới hạn bình thường. Xquang thường quy bình thường hoặc có thể có các hình ảnh hẹp các khe liên đốt, gai xương ở thân đốt sống hoặc đốt sống bị lún xẹp do loãng xương.","Vùng thắt lưng đau âm ỉ, chân gối yếu, lao động đau nhiều, nghỉ ngơi đau đỡ ít, sắc mặt nhợt, sợ lạnh, chân tay lạnh, bụng dưới lạnh, tiểu đêm, đại tiện phân nát, sắc lưỡi nhợt. Mạch trầm tế.",HƯỚNG DẪN CHẨN ĐOÁN VÀ ĐIỀU TRỊ BỆNH THEO Y HỌC CỔ TRUYỀN KẾT HỢP Y HỌC CỔ TRUYỀN VÀ Y HỌC HIỆN ĐẠI - Trang 12
SP006,Thể phong hàn thấp tý,,Thoái hóa khớp gối (Hạc tất phong),"Ngoại nhân (phong, hàn, thấp)","Bệnh tại khớp, cân, cơ, kinh lạc","Biểu, thực, hàn","Chẩn đoán xác định theo tiêu chuẩn chẩn đoán của Hội thấp khớp học Mỹ-ACR 
(American College of Rheumatology), 1991.
+ Có gai xương ở rìa khớp (trên Xquang).
+ Dịch khớp là dịch thoái hóa.
+ Tuổi trên 38.
+ Cứng khớp dưới 30 phút.
+ Có dấu hiệu lục cục khi cử động khớp.
-Chẩn đoán xác định khi có yếu tố 1,2,3,4 hoặc 1,2,5 hoặc 1,4,5","Sau khi nhiễm ngoại tà (phong, hàn, thấp) xuất hiện đau, sưng nề, không nóng đỏ, hạn chế vận động khớp gối một hoặc hai bên, trời lạnh ẩm đau tăng, chườm ấm đỡ đau, kèm sợ lạnh, sợ gió, không sốt, rêu lưỡi trắng nhớt. Mạch phù hoãn.",HƯỚNG DẪN CHẨN ĐOÁN VÀ ĐIỀU TRỊ BỆNH THEO Y HỌC CỔ TRUYỀN KẾT HỢP Y HỌC CỔ TRUYỀN VÀ Y HỌC HIỆN ĐẠI - Trang 15
SP007,Thể phong hàn thấp tý kèm can thận hư,,Thoái hóa khớp gối (Hạc tất phong),"Ngoại nhân (phong, hàn, thấp), bất nội ngoại nhân (nội thương).","Can thận hư/Bệnh tại khớp, cân, cơ, kinh lạc","Biểu lý tương kiêm, hư trung hiệp thực, hàn","Chẩn đoán xác định theo tiêu chuẩn chẩn đoán của Hội thấp khớp học Mỹ-ACR 
(American College of Rheumatology), 1991.
+ Có gai xương ở rìa khớp (trên Xquang).
+ Dịch khớp là dịch thoái hóa.
+ Tuổi trên 38.
+ Cứng khớp dưới 30 phút.
+ Có dấu hiệu lục cục khi cử động khớp.
-Chẩn đoán xác định khi có yếu tố 1,2,3,4 hoặc 1,2,5 hoặc 1,4,6","Người bệnh đau mỏi khớp gối, vận động co duỗi khó khăn, có thểbiến dạng khớp. Sau khi nhiễm thêm ngoại tà (phong, hàn, thấp) xuất hiện đau tăng lên, khớp gối sưng nề, không nóng đỏ, hạn chế vận động khớp gối một hoặc hai bên, kèm đau mỏi lưng gối, ù tai, ngủ kém, rêu lưỡi trắng nhớt. Mạch trầm hoãn.",HƯỚNG DẪN CHẨN ĐOÁN VÀ ĐIỀU TRỊ BỆNH THEO Y HỌC CỔ TRUYỀN KẾT HỢP Y HỌC CỔ TRUYỀN VÀ Y HỌC HIỆN ĐẠI - Trang 17
SP008,Thể phong thấp nhiệt kèm can thận hư,,Thoái hóa khớp gối (Hạc tất phong),"Bất nội ngoại nhân (nội thương), ngoại nhân (phong, thấp, nhiệt).","Can thận hư/bệnh tại khớp, cân, cơ, kinh lạc.","Biểu lý tương kiêm, hư trung hiệp thực, nhiệt.","Chẩn đoán xác định theo tiêu chuẩn chẩn đoán của Hội thấp khớp học Mỹ-ACR 
(American College of Rheumatology), 1991.
+ Có gai xương ở rìa khớp (trên Xquang).
+ Dịch khớp là dịch thoái hóa.
+ Tuổi trên 38.
+ Cứng khớp dưới 30 phút.
+ Có dấu hiệu lục cục khi cử động khớp.
-Chẩn đoán xác định khi có yếu tố 1,2,3,4 hoặc 1,2,5 hoặc 1,4,7","Người bệnh đau mỏi khớp gối từ lâu, vận động co duỗi khó khăn, có thể có biến dạng khớp. Đợt này xuất hiện sưng, đau, nóng hoặc đỏ, một hoặc khớp gối hai bên, đau cự án. Thường kèm theo phát sốt, sợ gió, miệng khô khát, phiền táo bứt rứt không yên. Tiểu vàng lượng ít, lưỡi đỏ, rêu vàng bẩn. Mạch hoạt sác",HƯỚNG DẪN CHẨN ĐOÁN VÀ ĐIỀU TRỊ BỆNH THEO Y HỌC CỔ TRUYỀN KẾT HỢP Y HỌC CỔ TRUYỀN VÀ Y HỌC HIỆN ĐẠI - Trang 18
SP009,Thể phong thấp nhiệt,,Gout (Thống phong),Ngoại nhân và bất nội ngoại nhân,Bệnh tại cân cơ kinh lạc,"Biểu lý tương kiêm, thực nhiệt","Chẩn đoán gout theo tiêu chuẩn Bennet và Wood (1968) hoặc tiêu chuẩn ILAR/OMERACT (2000). Theo Bennet và Wood (1968): tìm thấy tinh thể natri urat trong dịch khớp hoặc trong các hạt tophi; hoặc có tối thiểu 2 trong các yếu tố gồm: tiền sử hoặc hiện tại có ≥2 đợt sưng đau một khớp với khởi phát đột ngột, đau dữ dội và khỏi hoàn toàn trong vòng 2 tuần, sưng đau khớp bàn ngón chân cái với tính chất tương tự, có hạt tophi, đáp ứng tốt với colchicin (giảm viêm, giảm đau trong 48 giờ). Theo tiêu chuẩn ILAR/OMERACT (2000): có tinh thể urat đặc trưng trong dịch khớp và/hoặc hạt tophi chứa tinh thể urat được chứng minh bằng phương pháp hóa học hoặc kính hiển vi phân cực, và/hoặc có ≥6 trong 15 biểu hiện gồm: viêm tiến triển tối đa trong vòng một ngày, có hơn một đợt viêm khớp cấp, viêm khớp một khớp, đỏ vùng khớp, sưng đau khớp bàn ngón chân cái, viêm khớp bàn ngón chân cái một bên, viêm khớp cổ chân một bên, hạt tophi nhìn thấy được, tăng acid uric trong máu, sưng đau khớp không đối xứng, nang dưới vỏ xương không có hình khuyết xương trên X-quang, cấy vi khuẩn âm tính","Sưng, nóng, đỏ, đau một hoặc nhiều khớp (đặc biệt là khớp bàn ngón chân cái), đau cự án, khởi phát thường cấp tính. Thường kèm theo phát sốt, sợ gió, miệng khô khát, phiền táo bứt rứt không yên, tiểu vàng số lượng ít, lưỡi đỏ rêu vàng bẩn. Mạch hoạt sác.",HƯỚNG DẪN CHẨN ĐOÁN VÀ ĐIỀU TRỊ BỆNH THEO Y HỌC CỔ TRUYỀN KẾT HỢP Y HỌC CỔ TRUYỀN VÀ Y HỌC HIỆN ĐẠI - Trang 22
SP010,Thể phong hàn thấp,,Gout (Thống phong),Ngoại nhân và bất nội ngoại nhân.,Bệnh tại cân cơ kinh lạc và tỳ vị.,"Biểu lý tương kiêm, hư trung hiệp thực, hàn.","Chẩn đoán gout theo tiêu chuẩn Bennet và Wood (1968) hoặc tiêu chuẩn ILAR/OMERACT (2000). Theo Bennet và Wood (1968): tìm thấy tinh thể natri urat trong dịch khớp hoặc trong các hạt tophi; hoặc có tối thiểu 2 trong các yếu tố gồm: tiền sử hoặc hiện tại có ≥2 đợt sưng đau một khớp với khởi phát đột ngột, đau dữ dội và khỏi hoàn toàn trong vòng 2 tuần, sưng đau khớp bàn ngón chân cái với tính chất tương tự, có hạt tophi, đáp ứng tốt với colchicin (giảm viêm, giảm đau trong 48 giờ). Theo tiêu chuẩn ILAR/OMERACT (2000): có tinh thể urat đặc trưng trong dịch khớp và/hoặc hạt tophi chứa tinh thể urat được chứng minh bằng phương pháp hóa học hoặc kính hiển vi phân cực, và/hoặc có ≥6 trong 15 biểu hiện gồm: viêm tiến triển tối đa trong vòng một ngày, có hơn một đợt viêm khớp cấp, viêm khớp một khớp, đỏ vùng khớp, sưng đau khớp bàn ngón chân cái, viêm khớp bàn ngón chân cái một bên, viêm khớp cổ chân một bên, hạt tophi nhìn thấy được, tăng acid uric trong máu, sưng đau khớp không đối xứng, nang dưới vỏ xương không có hình khuyết xương trên X-quang, cấy vi khuẩn âm tính","Sưng nề, hạn chế vận động khớp, có thể có hạt lắng đọng cạnh khớp. Nếu phong tà thiên thịnh sẽ thấy đau khớp có tính chất lưu chuyển hoặc sợ gió phát sốt... Hàn tà thiên thịnh biểu hiện đau dữ dội các khớp, vị trí đau cố định, gặp lạnh đau tăng, chườm nóng dễ chịu. Thấp tà thiên thịnh sẽ có cảm giác đau bứt rứt nặng nề tại các khớp, vị trí đau thường cố định, cảm giác tê bì khó chịu trong cơ và ngoài da. Rêu lưỡi mỏng trắng hoặc trắng nhớt. Mạch huyền khẩn hoặc nhu hoãn.",HƯỚNG DẪN CHẨN ĐOÁN VÀ ĐIỀU TRỊ BỆNH THEO Y HỌC CỔ TRUYỀN KẾT HỢP Y HỌC CỔ TRUYỀN VÀ Y HỌC HIỆN ĐẠI - Trang 24
SP011,Thể đàm ứ trở trệ,,Gout (Thống phong),Ngoại nhân và bất nội ngoại nhân.,Bệnh tại cân cơ kinh lạc và tỳ vị.,"Biểu lý tương kiêm, hư trung hiệp thực.","Chẩn đoán gout theo tiêu chuẩn Bennet và Wood (1968) hoặc tiêu chuẩn ILAR/OMERACT (2000). Theo Bennet và Wood (1968): tìm thấy tinh thể natri urat trong dịch khớp hoặc trong các hạt tophi; hoặc có tối thiểu 2 trong các yếu tố gồm: tiền sử hoặc hiện tại có ≥2 đợt sưng đau một khớp với khởi phát đột ngột, đau dữ dội và khỏi hoàn toàn trong vòng 2 tuần, sưng đau khớp bàn ngón chân cái với tính chất tương tự, có hạt tophi, đáp ứng tốt với colchicin (giảm viêm, giảm đau trong 48 giờ). Theo tiêu chuẩn ILAR/OMERACT (2000): có tinh thể urat đặc trưng trong dịch khớp và/hoặc hạt tophi chứa tinh thể urat được chứng minh bằng phương pháp hóa học hoặc kính hiển vi phân cực, và/hoặc có ≥6 trong 15 biểu hiện gồm: viêm tiến triển tối đa trong vòng một ngày, có hơn một đợt viêm khớp cấp, viêm khớp một khớp, đỏ vùng khớp, sưng đau khớp bàn ngón chân cái, viêm khớp bàn ngón chân cái một bên, viêm khớp cổ chân một bên, hạt tophi nhìn thấy được, tăng acid uric trong máu, sưng đau khớp không đối xứng, nang dưới vỏ xương không có hình khuyết xương trên X-quang, cấy vi khuẩn âm tính","Các khớp sưng, nặng thì xung quanh khớp cũng sưng, tái đi tái lại nhiều lần, dai dẳng không dứt, đau nhức nhẹ, có các hạt cứng cạnh khớp, sắc da tím, chất lưỡi bệu, rêu trắng bẩn. Mạch huyền hoạt.",HƯỚNG DẪN CHẨN ĐOÁN VÀ ĐIỀU TRỊ BỆNH THEO Y HỌC CỔ TRUYỀN KẾT HỢP Y HỌC CỔ TRUYỀN VÀ Y HỌC HIỆN ĐẠI - Trang 25
SP021,Thể can dương thượng cang,,Tăng huyết áp vô căn (Huyễn vựng),Bất nội ngoại nhân (nội thương),Can dương vượng,"Lý, thực, nhiệt","Chẩn đoán xác định dựa vào đo huyết áp, được coi là tăng huyết áp khi huyết áp tâm thu ≥ 140 mmHg và hoặc huyết áp tâm trương ≥ 90 mmHg, huyết áp được đo ở ít nhất 2 lần khám, mỗi lần đo ít nhất 2 lần, người bệnh nghỉ ngơi trước khi đo 15 phút, phân loại mức độ tăng huyết áp dựa vào trị số huyết áp tâm thu và huyết áp tâm trương, bao gồm huyết áp bình thường cao, tăng huyết áp độ 1, độ 2, độ 3 và tăng huyết áp tâm thu đơn độc, trường hợp huyết áp tâm thu và tâm trương thuộc hai mức khác nhau thì xếp theo mức cao hơn","Hoa mắt, choáng váng, đau đầu, mặt đỏ, hay tức giận, ít ngủ, ngủ hay mê, miệng đắng, chất lưỡi đỏ, rêu lưỡi vàng, mạch huyền sác hoặc huyền hoạt.",HƯỚNG DẪN CHẨN ĐOÁN VÀ ĐIỀU TRỊ BỆNH THEO Y HỌC CỔ TRUYỀN KẾT HỢP Y HỌC CỔ TRUYỀN VÀ Y HỌC HIỆN ĐẠI - Trang 45
SP012,Thể can thận lưỡng hư,,Gout (Thống phong),Ngoại nhân phối hợp Bất nội ngoại nhân (nội thương).,Bệnh tại cân cơ kinh lạc và tạng Can Thận.,"Biểu lý tương kiêm, hư.","Chẩn đoán gout theo tiêu chuẩn Bennet và Wood (1968) hoặc tiêu chuẩn ILAR/OMERACT (2000). Theo Bennet và Wood (1968): tìm thấy tinh thể natri urat trong dịch khớp hoặc trong các hạt tophi; hoặc có tối thiểu 2 trong các yếu tố gồm: tiền sử hoặc hiện tại có ≥2 đợt sưng đau một khớp với khởi phát đột ngột, đau dữ dội và khỏi hoàn toàn trong vòng 2 tuần, sưng đau khớp bàn ngón chân cái với tính chất tương tự, có hạt tophi, đáp ứng tốt với colchicin (giảm viêm, giảm đau trong 48 giờ). Theo tiêu chuẩn ILAR/OMERACT (2000): có tinh thể urat đặc trưng trong dịch khớp và/hoặc hạt tophi chứa tinh thể urat được chứng minh bằng phương pháp hóa học hoặc kính hiển vi phân cực, và/hoặc có ≥6 trong 15 biểu hiện gồm: viêm tiến triển tối đa trong vòng một ngày, có hơn một đợt viêm khớp cấp, viêm khớp một khớp, đỏ vùng khớp, sưng đau khớp bàn ngón chân cái, viêm khớp bàn ngón chân cái một bên, viêm khớp cổ chân một bên, hạt tophi nhìn thấy được, tăng acid uric trong máu, sưng đau khớp không đối xứng, nang dưới vỏ xương không có hình khuyết xương trên X-quang, cấy vi khuẩn âm tính","Đau khớp tái đi tái lại, dai dẳng không dứt, lúc nặng lúc nhẹ hoặc cảm giác đau nhức âm ỉ di chuyển giữa các khớp. Sưng nề, hạn chế vận động khớp, thậm chí biến dạng khớp. Kèm theo đau lưng mỏi gối, người mệt mỏi, đau đầu hoa mắt chóng mặt, tâm quý khí đoản, chất lưỡi nhợt rêu trắng. Mạch huyền trầm tế vô lực.",HƯỚNG DẪN CHẨN ĐOÁN VÀ ĐIỀU TRỊ BỆNH THEO Y HỌC CỔ TRUYỀN KẾT HỢP Y HỌC CỔ TRUYỀN VÀ Y HỌC HIỆN ĐẠI - Trang 26
SP013,Thể phong thấp,,Viêm khớp dạng thấp (Chứng tý),"Ngoại nhân (phong, thấp).",,Biểu thực hàn.,"Chẩn đoán viêm khớp dạng thấp theo tiêu chuẩn ACR (1997) khi có ít nhất 4/7 tiêu chuẩn và thời gian triệu chứng viêm khớp ít nhất phải 6 tuần, bao gồm: cứng khớp buổi sáng kéo dài trên 1 giờ, viêm ít nhất 3 trong số 14 khớp (ngón gần bàn tay, bàn ngón tay, cổ tay, khuỷu, gối, cổ chân, bàn ngón chân hai bên), viêm khớp bàn tay (sưng tối thiểu 1 khớp ở ngón gần, bàn ngón tay hoặc cổ tay), viêm khớp đối xứng, hạt dưới da, yếu tố dạng thấp trong huyết thanh dương tính, hình ảnh X-quang điển hình với bào mòn, hình hốc, hình khuyết đầy xương, hẹp khe khớp và mất chất khoáng đầu xương.
Ngoài ra, theo tiêu chuẩn EULAR (2010) áp dụng cho giai đoạn sớm, chẩn đoán khi tổng điểm ≥ 6/10 dựa trên số lượng và loại khớp liên quan, xét nghiệm huyết thanh (RF, Anti-CCP), phản ứng viêm cấp (CRP, máu lắng) và thời gian bị bệnh","Các khớp và cơ nhục đau mỏi, co duỗi khó khăn, cảm giác nặng nề. Đau có tính chất di chuyển và thường xảy ra ở các khớp nhỏ và nhỡ. Trong đợt bệnh tiến triển các khớp sưng đau, bì phù có cảm giác tê bì. Thời kỳ đầu có biểu hiện sợ gió, phát sốt. Chất lưỡi nhợt, rêu lưỡi mỏng trắng hay nhớt dính. Mạch phù hoãn hoặc nhu hoãn.",HƯỚNG DẪN CHẨN ĐOÁN VÀ ĐIỀU TRỊ BỆNH THEO Y HỌC CỔ TRUYỀN KẾT HỢP Y HỌC CỔ TRUYỀN VÀ Y HỌC HIỆN ĐẠI - Trang 30
SP014,Thể hàn thấp,,Viêm khớp dạng thấp (Chứng tý),"Ngoại nhân (hàn, thấp).",,Biểu thực hàn.,"Chẩn đoán viêm khớp dạng thấp theo tiêu chuẩn ACR (1997) khi có ít nhất 4/7 tiêu chuẩn và thời gian triệu chứng viêm khớp ít nhất phải 6 tuần, bao gồm: cứng khớp buổi sáng kéo dài trên 1 giờ, viêm ít nhất 3 trong số 14 khớp (ngón gần bàn tay, bàn ngón tay, cổ tay, khuỷu, gối, cổ chân, bàn ngón chân hai bên), viêm khớp bàn tay (sưng tối thiểu 1 khớp ở ngón gần, bàn ngón tay hoặc cổ tay), viêm khớp đối xứng, hạt dưới da, yếu tố dạng thấp trong huyết thanh dương tính, hình ảnh X-quang điển hình với bào mòn, hình hốc, hình khuyết đầy xương, hẹp khe khớp và mất chất khoáng đầu xương.
Ngoài ra, theo tiêu chuẩn EULAR (2010) áp dụng cho giai đoạn sớm, chẩn đoán khi tổng điểm ≥ 6/10 dựa trên số lượng và loại khớp liên quan, xét nghiệm huyết thanh (RF, Anti-CCP), phản ứng viêm cấp (CRP, máu lắng) và thời gian bị bệnh","Các khớp ở chi trên và chi dưới có cảm giác đau, lạnh và nặng nề. Tính chất đau thường cố định, ít di chuyển, ngày đau nhẹ, về đêm đau nặng, thời tiết lạnh, ẩm đau tăng lên, chườm nóng đỡ đau, chỗ đau ít sưng nề. Tại khớp tổn thương thường không nóng đỏ, co duỗi khó khăn. Chất lưỡi nhợt, rêu lưỡi trắng nhớt. Mạch huyền khẩn hay huyền hoãn.",HƯỚNG DẪN CHẨN ĐOÁN VÀ ĐIỀU TRỊ BỆNH THEO Y HỌC CỔ TRUYỀN KẾT HỢP Y HỌC CỔ TRUYỀN VÀ Y HỌC HIỆN ĐẠI - Trang 32
SP015,Thể phong thấp nhiệt,Đợt tiến triển của Viêm khớp dạng thấp,Viêm khớp dạng thấp (Chứng tý),"Ngoại nhân (phong, thấp, nhiệt)",,Biểu thực nhiệt.,"Chẩn đoán viêm khớp dạng thấp theo tiêu chuẩn ACR (1997) khi có ít nhất 4/7 tiêu chuẩn và thời gian triệu chứng viêm khớp ít nhất phải 6 tuần, bao gồm: cứng khớp buổi sáng kéo dài trên 1 giờ, viêm ít nhất 3 trong số 14 khớp (ngón gần bàn tay, bàn ngón tay, cổ tay, khuỷu, gối, cổ chân, bàn ngón chân hai bên), viêm khớp bàn tay (sưng tối thiểu 1 khớp ở ngón gần, bàn ngón tay hoặc cổ tay), viêm khớp đối xứng, hạt dưới da, yếu tố dạng thấp trong huyết thanh dương tính, hình ảnh X-quang điển hình với bào mòn, hình hốc, hình khuyết đầy xương, hẹp khe khớp và mất chất khoáng đầu xương.
Ngoài ra, theo tiêu chuẩn EULAR (2010) áp dụng cho giai đoạn sớm, chẩn đoán khi tổng điểm ≥ 6/10 dựa trên số lượng và loại khớp liên quan, xét nghiệm huyết thanh (RF, Anti-CCP), phản ứng viêm cấp (CRP, máu lắng) và thời gian bị bệnh","Các khớp sưng, nóng, đỏ, đau, xuất hiện đối xứng, cự án, co duỗi khó khăn, vận động, đi lại khó, phát sốt, thích uống nước mát, chườm lạnh các khớp có cảm giác dễ chịu, sắc mặt đỏ, nước tiểu đỏ, đại tiện táo, chất lưỡi đỏ, rêu lưỡi vàng. Mạch hoạt sác.",HƯỚNG DẪN CHẨN ĐOÁN VÀ ĐIỀU TRỊ BỆNH THEO Y HỌC CỔ TRUYỀN KẾT HỢP Y HỌC CỔ TRUYỀN VÀ Y HỌC HIỆN ĐẠI - Trang 32 -33
SP029,Thể thấp nhiệt nội kết,,Rối loạn chuyển hóa Lipoprotein và tình trạng tăng lipid máu khác (Chứng đàm),Thấp nhiệt,"Bệnh tại tỳ, can, đởm",Lý thực nhiệt,"Chẩn đoán rối loạn lipid máu dựa trên xét nghiệm lipid máu, được xác định khi thỏa mãn ít nhất một trong các tiêu chuẩn gồm cholesterol toàn phần ≥ 5,2 mmol/l, LDL C ≥ 3,4 mmol/l, triglycerid ≥ 1,7 mmol/l hoặc HDL C < 1,0 mmol/l.","Chóng mặt, đau nặng đầu, cảm giác tức ngực, phiền nhiệt. Đầy bụng, buồn nôn, mệt mỏi toàn thân, tay chân nặng nề. Đắng miệng, khô miệng, người béo bệu, đại tiện phân nát, cảm giác nóng hậu môn. nước tiểu vàng. Chất lưỡi đỏ, rêu lưỡi vàng nhớt. Mạch hoạt sác",HƯỚNG DẪN CHẨN ĐOÁN VÀ ĐIỀU TRỊ BỆNH THEO Y HỌC CỔ TRUYỀN KẾT HỢP Y HỌC CỔ TRUYỀN VÀ Y HỌC HIỆN ĐẠI - Trang 55
SP016,Thể can thận hư,"Viêm khớp dạng thấp kéo dài có teo cơ, dính khớp.",Viêm khớp dạng thấp (Chứng tý),"Ngoại nhân (đàm thấp), bất nội ngoại nhân (nội thương).","Can thận hư, tỳ hư. Bệnh tại cân cơ kinh lạc và tạng can thận tỳ.","Biểu lý tương kiêm, hư trung hiệp thực, thiên nhiệt.","Chẩn đoán viêm khớp dạng thấp theo tiêu chuẩn ACR (1997) khi có ít nhất 4/7 tiêu chuẩn và thời gian triệu chứng viêm khớp ít nhất phải 6 tuần, bao gồm: cứng khớp buổi sáng kéo dài trên 1 giờ, viêm ít nhất 3 trong số 14 khớp (ngón gần bàn tay, bàn ngón tay, cổ tay, khuỷu, gối, cổ chân, bàn ngón chân hai bên), viêm khớp bàn tay (sưng tối thiểu 1 khớp ở ngón gần, bàn ngón tay hoặc cổ tay), viêm khớp đối xứng, hạt dưới da, yếu tố dạng thấp trong huyết thanh dương tính, hình ảnh X-quang điển hình với bào mòn, hình hốc, hình khuyết đầy xương, hẹp khe khớp và mất chất khoáng đầu xương.
Ngoài ra, theo tiêu chuẩn EULAR (2010) áp dụng cho giai đoạn sớm, chẩn đoán khi tổng điểm ≥ 6/10 dựa trên số lượng và loại khớp liên quan, xét nghiệm huyết thanh (RF, Anti-CCP), phản ứng viêm cấp (CRP, máu lắng) và thời gian bị bệnh","Người bệnh mắc bệnh lâu ngày, cơ nhục và các khớp đau mỏi, chỗ đau cố định không di chuyển. Các khớp sưng nề, teo cơ và cứng khớp, biến dạng khớp. Tay và chân có cảm giác tê bì và nặng nề. Sắc mặt sạm đen và có thể sưng nề. Ngực đầy tức, chất lưỡi tím sẫm, rêu lưỡi trắng nhớt. Mạch huyền sác.",HƯỚNG DẪN CHẨN ĐOÁN VÀ ĐIỀU TRỊ BỆNH THEO Y HỌC CỔ TRUYỀN KẾT HỢP Y HỌC CỔ TRUYỀN VÀ Y HỌC HIỆN ĐẠI - Trang 33
SP017,Thể phong hàn,,Hội chứng cổ vai cánh tay (Chứng tý),"Ngoại nhân (phong, hàn)",Đại trường/tiểu trường/tam tiêu,"Biểu, thực, hàn.","Biểu hiện lâm sàng thường gặp là đau vùng cổ, vai và có thể lan xuống tay, kèm theo một số rối loạn cảm giác và/hoặc vận động tại vùng chi phối của rễ dây thần kinh cột sống cổ bị ảnh hưởng. Chẩn đoán xác định tùy thuộc nguyên nhân, mức độ và giai đoạn bệnh, người bệnh có thể có những triệu chứng và hội chứng sau đây: Hội chứng cột sống cổ, hội chứng rễ thần kinh, hội chứng tủy cổ, hội chứng động mạch sống nền, có thể có các rối loạn thần kinh thực vật…","Đau nhức vùng đầu, cổ, vai và ngực lưng, có điểm đau cố định ở cổ, có thể sờ thấy co cơ ở cổ vai gáy, cứng cổ, hạn chế vận động. Đau, tê, nhức tứ chi, có thể có cảm giác nặng và yếu hai chi trên, đau nặng đầu, thích ấm, sợ lạnh, lưỡi nhợt, rêu trắng mỏng. Mạch phù hoãn hoặc sáp.",HƯỚNG DẪN CHẨN ĐOÁN VÀ ĐIỀU TRỊ BỆNH THEO Y HỌC CỔ TRUYỀN KẾT HỢP Y HỌC CỔ TRUYỀN VÀ Y HỌC HIỆN ĐẠI - Trang 37
SP018,Thể phong thấp nhiệt tý,,Hội chứng cổ vai cánh tay (Chứng tý),"Ngoại nhân (phong, thấp, nhiệt).",Đại trường/tiểu trường/tam tiêu.,"Biểu, thực, nhiệt.","Biểu hiện lâm sàng thường gặp là đau vùng cổ, vai và có thể lan xuống tay, kèm theo một số rối loạn cảm giác và/hoặc vận động tại vùng chi phối của rễ dây thần kinh cột sống cổ bị ảnh hưởng. Chẩn đoán xác định tùy thuộc nguyên nhân, mức độ và giai đoạn bệnh, người bệnh có thể có những triệu chứng và hội chứng sau đây: Hội chứng cột sống cổ, hội chứng rễ thần kinh, hội chứng tủy cổ, hội chứng động mạch sống nền, có thể có các rối loạn thần kinh thực vật…","Vùng cổ gáy sưng, nóng, đỏ, đau nhức vùng đầu, cổ, vai và ngực lưng, đau đầu chóng mặt. Sốt cao, khát nước, nước tiểu đỏ, đại tiện táo, chất lưỡi đỏ, rêu lưỡi vàng. Mạch hoạt sác.",HƯỚNG DẪN CHẨN ĐOÁN VÀ ĐIỀU TRỊ BỆNH THEO Y HỌC CỔ TRUYỀN KẾT HỢP Y HỌC CỔ TRUYỀN VÀ Y HỌC HIỆN ĐẠI - Trang 38-39
SP019,Thể huyết ứ,,Hội chứng cổ vai cánh tay (Chứng tý),Bất nội ngoại nhân (huyết ứ),Đại trường/tiểu trường/tam tiêu,"Biểu, thực","Biểu hiện lâm sàng thường gặp là đau vùng cổ, vai và có thể lan xuống tay, kèm theo một số rối loạn cảm giác và/hoặc vận động tại vùng chi phối của rễ dây thần kinh cột sống cổ bị ảnh hưởng. Chẩn đoán xác định tùy thuộc nguyên nhân, mức độ và giai đoạn bệnh, người bệnh có thể có những triệu chứng và hội chứng sau đây: Hội chứng cột sống cổ, hội chứng rễ thần kinh, hội chứng tủy cổ, hội chứng động mạch sống nền, có thể có các rối loạn thần kinh thực vật…","Đau nhức, tê vùng đầu, cổ, vai và ngực lưng, tê, đau nhói cố định, đau tăng về đêm, ban ngày đỡ đau, đau cự án, co cứng cơ tại chỗ, kích thích khó chịu. Miệng khô, lưỡi tím, có thể có điểm ứ huyết. Mạch huyền hoặc sáp. Thể huyết ứ thường ít xuất hiện đơn thuần mà kết hợp với các thể lâm sàng khác của chứng Tý vùng vai gáy",HƯỚNG DẪN CHẨN ĐOÁN VÀ ĐIỀU TRỊ BỆNH THEO Y HỌC CỔ TRUYỀN KẾT HỢP Y HỌC CỔ TRUYỀN VÀ Y HỌC HIỆN ĐẠI - Trang 40
SP020,Thể can thận hư,,Hội chứng cổ vai cánh tay (Chứng tý),Bất nội ngoại nhân (nội thương).,"Can, thận hư.","Lý, hư, nhiệt.","Biểu hiện lâm sàng thường gặp là đau vùng cổ, vai và có thể lan xuống tay, kèm theo một số rối loạn cảm giác và/hoặc vận động tại vùng chi phối của rễ dây thần kinh cột sống cổ bị ảnh hưởng. Chẩn đoán xác định tùy thuộc nguyên nhân, mức độ và giai đoạn bệnh, người bệnh có thể có những triệu chứng và hội chứng sau đây: Hội chứng cột sống cổ, hội chứng rễ thần kinh, hội chứng tủy cổ, hội chứng động mạch sống nền, có thể có các rối loạn thần kinh thực vật…","Đau nhức vai gáy và ngực lưng, đau căng đầu, tê bì tay, đau mỏi lưng gối, hoa mắt chóng mặt, nhìn mờ, triều nhiệt, ra mồ hôi trộm, miệng họng khô, lưỡi đỏ ít rêu. Mạch tế sác.",HƯỚNG DẪN CHẨN ĐOÁN VÀ ĐIỀU TRỊ BỆNH THEO Y HỌC CỔ TRUYỀN KẾT HỢP Y HỌC CỔ TRUYỀN VÀ Y HỌC HIỆN ĐẠI - Trang 41
SP022,Thể can thận âm hư,,Tăng huyết áp vô căn (Huyễn vựng),Bất nội ngoại nhân (nội thương),Can thận âm hư,"Lý, hư, nhiệt.","Chẩn đoán xác định dựa vào đo huyết áp, được coi là tăng huyết áp khi huyết áp tâm thu ≥ 140 mmHg và hoặc huyết áp tâm trương ≥ 90 mmHg, huyết áp được đo ở ít nhất 2 lần khám, mỗi lần đo ít nhất 2 lần, người bệnh nghỉ ngơi trước khi đo 15 phút, phân loại mức độ tăng huyết áp dựa vào trị số huyết áp tâm thu và huyết áp tâm trương, bao gồm huyết áp bình thường cao, tăng huyết áp độ 1, độ 2, độ 3 và tăng huyết áp tâm thu đơn độc, trường hợp huyết áp tâm thu và tâm trương thuộc hai mức khác nhau thì xếp theo mức cao hơn","Mệt mỏi, váng đầu, hay quên, lưng gối đau yếu, ù tai, mất ngủ, nam giới có thể di tinh, lòng bàn tay bàn chân nóng, chất lưỡi đỏ, rêu lưỡi vàng, mạch huyền tế.",HƯỚNG DẪN CHẨN ĐOÁN VÀ ĐIỀU TRỊ BỆNH THEO Y HỌC CỔ TRUYỀN KẾT HỢP Y HỌC CỔ TRUYỀN VÀ Y HỌC HIỆN ĐẠI - Trang 46
SP023,Thể âm dương lưỡng hư,Thường gặp ở người cao tuổi hoặc phụ nữ sau khi hết kinh.,Tăng huyết áp vô căn (Huyễn vựng),Bất nội ngoại nhân (nội thương),Thận âm dương đều hư,"Lý, hư, hàn.","Chẩn đoán xác định dựa vào đo huyết áp, được coi là tăng huyết áp khi huyết áp tâm thu ≥ 140 mmHg và hoặc huyết áp tâm trương ≥ 90 mmHg, huyết áp được đo ở ít nhất 2 lần khám, mỗi lần đo ít nhất 2 lần, người bệnh nghỉ ngơi trước khi đo 15 phút, phân loại mức độ tăng huyết áp dựa vào trị số huyết áp tâm thu và huyết áp tâm trương, bao gồm huyết áp bình thường cao, tăng huyết áp độ 1, độ 2, độ 3 và tăng huyết áp tâm thu đơn độc, trường hợp huyết áp tâm thu và tâm trương thuộc hai mức khác nhau thì xếp theo mức cao hơn","Mệt mỏi, sắc mặt trắng, đau đầu, chóng mặt, ngủ ít, hồi hộp, ù tai, lưng đau, gối mỏi, đại tiện lỏng, sợ lạnh, chân tay lạnh, tiểu đêm nhiều lần, di tinh, liệt dương (nếu ở nam), chất lưỡi hồng nhạt, rêu lưỡi trắng. Mạch huyền tế hoặc trầm tế.",HƯỚNG DẪN CHẨN ĐOÁN VÀ ĐIỀU TRỊ BỆNH THEO Y HỌC CỔ TRUYỀN KẾT HỢP Y HỌC CỔ TRUYỀN VÀ Y HỌC HIỆN ĐẠI - Trang 47
SP024,Thể đàm thấp,"Thường gặp ở người béo phì, người hay ăn đồ béo ngọt",Tăng huyết áp vô căn (Huyễn vựng),Bất nội ngoại nhân (nội thương),Tỳ hư đàm thấp,"Lý, hư","Chẩn đoán xác định dựa vào đo huyết áp, được coi là tăng huyết áp khi huyết áp tâm thu ≥ 140 mmHg và hoặc huyết áp tâm trương ≥ 90 mmHg, huyết áp được đo ở ít nhất 2 lần khám, mỗi lần đo ít nhất 2 lần, người bệnh nghỉ ngơi trước khi đo 15 phút, phân loại mức độ tăng huyết áp dựa vào trị số huyết áp tâm thu và huyết áp tâm trương, bao gồm huyết áp bình thường cao, tăng huyết áp độ 1, độ 2, độ 3 và tăng huyết áp tâm thu đơn độc, trường hợp huyết áp tâm thu và tâm trương thuộc hai mức khác nhau thì xếp theo mức cao hơn","Đau đầu, nặng đầu, hoa mắt, chóng mặt, ngực tức, bụng đầy, buồn nôn, ăn ít, mệt mỏi, ngủ li bì, chất lưỡi nhợt bệu, rêu lưỡi trắng, ánh vàng, mạch nhu hoạt.",HƯỚNG DẪN CHẨN ĐOÁN VÀ ĐIỀU TRỊ BỆNH THEO Y HỌC CỔ TRUYỀN KẾT HỢP Y HỌC CỔ TRUYỀN VÀ Y HỌC HIỆN ĐẠI - Trang 48
SP025,Thể tỳ hư đàm thấp,,Rối loạn chuyển hóa Lipoprotein và tình trạng tăng lipid máu khác (Chứng đàm),Bất nội ngoại nhân (nội thương),Bệnh tại tạng tỳ (tỳ hư đàm thấp),Lý hư trung hiệp thực,"Chẩn đoán rối loạn lipid máu dựa trên xét nghiệm lipid máu, được xác định khi thỏa mãn ít nhất một trong các tiêu chuẩn gồm cholesterol toàn phần ≥ 5,2 mmol/l, LDL C ≥ 3,4 mmol/l, triglycerid ≥ 1,7 mmol/l hoặc HDL C < 1,0 mmol/l.","Người thường béo bệu, nặng nề, mệt mỏi. Ăn kém, không muốn ăn, bụng đầy, đại tiện phân nát. Rêu lưỡi trắng dày, nhớt, lưỡi bệu, có vết hằn răng. Mạch trầm hoạt.",HƯỚNG DẪN CHẨN ĐOÁN VÀ ĐIỀU TRỊ BỆNH THEO Y HỌC CỔ TRUYỀN KẾT HỢP Y HỌC CỔ TRUYỀN VÀ Y HỌC HIỆN ĐẠI - Trang 52
SP026,Thể tỳ thận dương hư,Thường gặp ở người cao tuổi,Rối loạn chuyển hóa Lipoprotein và tình trạng tăng lipid máu khác (Chứng đàm),Bất nội ngoại nhân (nội thương),"Bệnh tại tỳ, thận (tỳ thận dương hư)",Lý hư hàn,"Chẩn đoán rối loạn lipid máu dựa trên xét nghiệm lipid máu, được xác định khi thỏa mãn ít nhất một trong các tiêu chuẩn gồm cholesterol toàn phần ≥ 5,2 mmol/l, LDL C ≥ 3,4 mmol/l, triglycerid ≥ 1,7 mmol/l hoặc HDL C < 1,0 mmol/l.","Người cảm giác nặng nề, đầy chướng bụng, thừa cân, béo phì. Người lạnh, chân tay lạnh, sợ lạnh, sắc mặt nhợt, lưng gối đau mỏi, đại tiện nát, tiểu trong dài. Rêu lưỡi trắng dày, nhớt, lưỡi bệu, có vết hằn răng. Mạch trầm nhược",HƯỚNG DẪN CHẨN ĐOÁN VÀ ĐIỀU TRỊ BỆNH THEO Y HỌC CỔ TRUYỀN KẾT HỢP Y HỌC CỔ TRUYỀN VÀ Y HỌC HIỆN ĐẠI - Trang 53
SP027,Thể can thận âm hư,,Rối loạn chuyển hóa Lipoprotein và tình trạng tăng lipid máu khác (Chứng đàm),Bất nội ngoại nhân (nội thương),"Bệnh tại can, thận (can thận âm hư)",Lý hư nhiệt,"Chẩn đoán rối loạn lipid máu dựa trên xét nghiệm lipid máu, được xác định khi thỏa mãn ít nhất một trong các tiêu chuẩn gồm cholesterol toàn phần ≥ 5,2 mmol/l, LDL C ≥ 3,4 mmol/l, triglycerid ≥ 1,7 mmol/l hoặc HDL C < 1,0 mmol/l.","Váng đầu, chóng mặt, hay quên, mất ngủ, ù tai, miệng họng khô, lưng đau gối mỏi, tóc bạc, răng rụng, tiểu đêm. Rêu lưỡi vàng dày. Mạch tế sác.",HƯỚNG DẪN CHẨN ĐOÁN VÀ ĐIỀU TRỊ BỆNH THEO Y HỌC CỔ TRUYỀN KẾT HỢP Y HỌC CỔ TRUYỀN VÀ Y HỌC HIỆN ĐẠI - Trang 54
SP028,Thể can uất tỳ hư,,Rối loạn chuyển hóa Lipoprotein và tình trạng tăng lipid máu khác (Chứng đàm),Bất nội ngoại nhân (nội thương),"Bệnh tại can, tỳ (can uất tỳ hư)",Lý hư trung hiệp thực,"Chẩn đoán rối loạn lipid máu dựa trên xét nghiệm lipid máu, được xác định khi thỏa mãn ít nhất một trong các tiêu chuẩn gồm cholesterol toàn phần ≥ 5,2 mmol/l, LDL C ≥ 3,4 mmol/l, triglycerid ≥ 1,7 mmol/l hoặc HDL C < 1,0 mmol/l.","Đau 2 bên mạng sườn từng cơn, vị trí không cố định; đau đầu, chóng mặt, tinh thần uể oải, ăn kém, tính khí thất thường, hay thở dài. Đại tiện lỏng, ở phụ nữ có thể gặp rối loạn kinh nguyệt, bầu vú căng trướng và đau. Chất lưỡi bệu, rêu lưỡi mỏng, trắng, nhớt. Mạch huyền.",HƯỚNG DẪN CHẨN ĐOÁN VÀ ĐIỀU TRỊ BỆNH THEO Y HỌC CỔ TRUYỀN KẾT HỢP Y HỌC CỔ TRUYỀN VÀ Y HỌC HIỆN ĐẠI - Trang 54-55
SP030,Thể khí trệ huyết ứ,,Rối loạn chuyển hóa Lipoprotein và tình trạng tăng lipid máu khác (Chứng đàm),Bất nội ngoại nhân,,Lý thực,"Chẩn đoán rối loạn lipid máu dựa trên xét nghiệm lipid máu, được xác định khi thỏa mãn ít nhất một trong các tiêu chuẩn gồm cholesterol toàn phần ≥ 5,2 mmol/l, LDL C ≥ 3,4 mmol/l, triglycerid ≥ 1,7 mmol/l hoặc HDL C < 1,0 mmol/l.","Đau nhói vùng ngực, có thể lan ra sau vùng lưng trên, đau vùng thượng vị (người bệnh thường có kèm bệnh động mạch vành, thiếu máu cơ tim), chóng mặt, đau nhức mắt. Chất lưỡi tím, có thể có điểm ứ huyết. Mạch huyền sáp",HƯỚNG DẪN CHẨN ĐOÁN VÀ ĐIỀU TRỊ BỆNH THEO Y HỌC CỔ TRUYỀN KẾT HỢP Y HỌC CỔ TRUYỀN VÀ Y HỌC HIỆN ĐẠI - Trang 56
SP031,Thể phong hàn ở kinh lạc,Thường gặp trong liệt dây thần kinh VII do lạnh,Bệnh dây thần kinh mặt (Khẩu nhãn oa tà),Ngoại nhân (phong hàn),Bệnh tại các kinh dương trên mặt,Biểu thực hàn,"Chẩn đoán liệt dây thần kinh VII ngoại biên dựa trên các dấu hiệu lâm sàng gồm miệng méo về bên lành, lệch nhân trung về bên lành, mất hoặc mờ nếp nhăn trán, mất hoặc mờ rãnh mũi má bên liệt, dấu hiệu Souques dương tính, dấu hiệu Charles Bell dương tính, có thể kèm khô mắt hoặc chảy nước mắt, giảm vị giác hai phần ba trước lưỡi, giảm tiết nước bọt, cảm giác đau vùng sau tai","Sau khi bị lạnh xuất hiện miệng méo, mắt nhắm không kín, khó thổi lửa, huýt sáo, ăn uống nước trào ra bên liệt, nhân trung lệch về bên lành, nếp nhăn trán và rãnh mũi má mờ hoặc mất bên liệt. Toàn thân có biểu hiện sợ gió, sợ lạnh, gai rét, rêu lưỡi trắng mỏng. Mạch phù khẩn.",HƯỚNG DẪN CHẨN ĐOÁN VÀ ĐIỀU TRỊ BỆNH THEO Y HỌC CỔ TRUYỀN KẾT HỢP Y HỌC CỔ TRUYỀN VÀ Y HỌC HIỆN ĐẠI - Trang 59-60
SP032,Thể phong nhiệt,Thường gặp trong liệt dây thần kinh VII do viêm nhiễm,Bệnh dây thần kinh mặt (Khẩu nhãn oa tà),Ngoại nhân (phong nhiệt),Bệnh tại các kinh dương trên mặt,Biểu thực nhiệt.,"Chẩn đoán liệt dây thần kinh VII ngoại biên dựa trên các dấu hiệu lâm sàng gồm miệng méo về bên lành, lệch nhân trung về bên lành, mất hoặc mờ nếp nhăn trán, mất hoặc mờ rãnh mũi má bên liệt, dấu hiệu Souques dương tính, dấu hiệu Charles Bell dương tính, có thể kèm khô mắt hoặc chảy nước mắt, giảm vị giác hai phần ba trước lưỡi, giảm tiết nước bọt, cảm giác đau vùng sau tai","Miệng méo, mắt nhắm không kín, khó thổi lửa, huýt sáo, ăn uống nước trào ra bên liệt, nhân trung lệch về bên lành, nếp nhăn trán và rãnh mũi má mờhoặc mất bên liệt. Toàn thân có biểu hiện sốt, sợ gió, tiểu tiện vàng, đại tiện táo, chất lưỡi đỏ, rêu lưỡi vàng. Mạch phù sác.",HƯỚNG DẪN CHẨN ĐOÁN VÀ ĐIỀU TRỊ BỆNH THEO Y HỌC CỔ TRUYỀN KẾT HỢP Y HỌC CỔ TRUYỀN VÀ Y HỌC HIỆN ĐẠI - Trang 61
SP033,Thể huyết ứ,"Thường gặp trong liệt dây thần kinh VII do chấn thương như sau ngã, sau phẫu thuật vùng tai, vùng xương chẩm, nhổ răng hoặc khối u.",Bệnh dây thần kinh mặt (Khẩu nhãn oa tà),Bất nội ngoại nhân,Bệnh tại các kinh dương trên mặt,Biểu thực,"Chẩn đoán liệt dây thần kinh VII ngoại biên dựa trên các dấu hiệu lâm sàng gồm miệng méo về bên lành, lệch nhân trung về bên lành, mất hoặc mờ nếp nhăn trán, mất hoặc mờ rãnh mũi má bên liệt, dấu hiệu Souques dương tính, dấu hiệu Charles Bell dương tính, có thể kèm khô mắt hoặc chảy nước mắt, giảm vị giác hai phần ba trước lưỡi, giảm tiết nước bọt, cảm giác đau vùng sau tai","Sau sang chấn xuất hiện miệng méo, mắt nhắm không kín, khó thổi lửa, huýt sáo, ăn uống nước trào ra bên liệt, nhân trung lệch về bên lành, nếp nhăn trán và rãnh mũi má mờ hoặc mất bên liệt. Lưỡi có điểm ứ huyết. Mạch sáp.",HƯỚNG DẪN CHẨN ĐOÁN VÀ ĐIỀU TRỊ BỆNH THEO Y HỌC CỔ TRUYỀN KẾT HỢP Y HỌC CỔ TRUYỀN VÀ Y HỌC HIỆN ĐẠI - Trang 62
SP034,Thể phong hàn,,Đau dây thần kinh liên sườn (Hiếp thống),Ngoại nhân (phong hàn),Kinh thiếu dương,Biểu thực hàn,"Chẩn đoán đau dây thần kinh liên sườn dựa trên biểu hiện đau nhói từng đợt hoặc đau kéo dài dọc theo đường đi của dây thần kinh liên sườn, đau tăng khi ấn vào, ho hoặc hít thở sâu, có thể khu trú một hoặc hai bên, lan theo khoang liên sườn ra phía trước, ấn vùng cạnh sống gây đau tức, trong thể tiên phát các xét nghiệm cho kết quả bình thường, trong các nguyên nhân thứ phát có thể kèm điểm đau chói tại cột sống, biến dạng cột sống hoặc tổn thương da dạng mụn nước phân bố theo khoang liên sườn","Đau liên sườn dọc theo đường đi của dây thần kinh, đau nhất ở vùng rễ sau lưng, đường nách giữa, sau ức đòn, sợ lạnh, rêu lưỡi trắng mỏng. Mạch phù",HƯỚNG DẪN CHẨN ĐOÁN VÀ ĐIỀU TRỊ BỆNH THEO Y HỌC CỔ TRUYỀN KẾT HỢP Y HỌC CỔ TRUYỀN VÀ Y HỌC HIỆN ĐẠI - Trang 65
SP035,Can khí uất kết,,Đau dây thần kinh liên sườn (Hiếp thống),Bất nội ngoại nhân (nội thương),Can khí uất,Lý thực,"Chẩn đoán đau dây thần kinh liên sườn dựa trên biểu hiện đau nhói từng đợt hoặc đau kéo dài dọc theo đường đi của dây thần kinh liên sườn, đau tăng khi ấn vào, ho hoặc hít thở sâu, có thể khu trú một hoặc hai bên, lan theo khoang liên sườn ra phía trước, ấn vùng cạnh sống gây đau tức, trong thể tiên phát các xét nghiệm cho kết quả bình thường, trong các nguyên nhân thứ phát có thể kèm điểm đau chói tại cột sống, biến dạng cột sống hoặc tổn thương da dạng mụn nước phân bố theo khoang liên sườn","Đau vùng hạ sườn, điểm đau không cố định, thậm chí đau như bó chặt vùng ngực sườn xuyên ra lưng và vai, đau tăng khi tình chí kích động. Tinh thần uất ức hay cáu gắt, cảm giác bí bách trong ngực, hay thở dài, ợ hơi, bụng chướng không muốn ăn. Lưỡi rêu mỏng. Mạch huyền hoặc huyền sác.",HƯỚNG DẪN CHẨN ĐOÁN VÀ ĐIỀU TRỊ BỆNH THEO Y HỌC CỔ TRUYỀN KẾT HỢP Y HỌC CỔ TRUYỀN VÀ Y HỌC HIỆN ĐẠI - Trang 66
SP036,Can uất hóa hỏa,,Đau dây thần kinh liên sườn (Hiếp thống),Bất nội ngoại nhân (nội thương),Can uất hóa hỏa,Lý thực nhiệt,"Chẩn đoán đau dây thần kinh liên sườn dựa trên biểu hiện đau nhói từng đợt hoặc đau kéo dài dọc theo đường đi của dây thần kinh liên sườn, đau tăng khi ấn vào, ho hoặc hít thở sâu, có thể khu trú một hoặc hai bên, lan theo khoang liên sườn ra phía trước, ấn vùng cạnh sống gây đau tức, trong thể tiên phát các xét nghiệm cho kết quả bình thường, trong các nguyên nhân thứ phát có thể kèm điểm đau chói tại cột sống, biến dạng cột sống hoặc tổn thương da dạng mụn nước phân bố theo khoang liên sườn","Vùng sườn cảm giác nóng rát, đau, tình chí không yên, dễ cáu, đầu đau mặt đỏ, tai ù, tâm phiền mất ngủ, ợ chua, miệng đắng mà khô, đại tiện nóng rát, chất lưỡi đỏ, rêu vàng. Mạch huyền sác.",HƯỚNG DẪN CHẨN ĐOÁN VÀ ĐIỀU TRỊ BỆNH THEO Y HỌC CỔ TRUYỀN KẾT HỢP Y HỌC CỔ TRUYỀN VÀ Y HỌC HIỆN ĐẠI - Trang 67
SP037,Tà uất thiếu dương,,Đau dây thần kinh liên sườn (Hiếp thống),Ngoại nhân,Kinh thiếu dương,Bán biểu bán lý,"Chẩn đoán đau dây thần kinh liên sườn dựa trên biểu hiện đau nhói từng đợt hoặc đau kéo dài dọc theo đường đi của dây thần kinh liên sườn, đau tăng khi ấn vào, ho hoặc hít thở sâu, có thể khu trú một hoặc hai bên, lan theo khoang liên sườn ra phía trước, ấn vùng cạnh sống gây đau tức, trong thể tiên phát các xét nghiệm cho kết quả bình thường, trong các nguyên nhân thứ phát có thể kèm điểm đau chói tại cột sống, biến dạng cột sống hoặc tổn thương da dạng mụn nước phân bố theo khoang liên sườn","Ngực sườn chướng, đau, hàn nhiệt vãng lai, đau đầu chóng mặt, miệng đắng họng khô, ăn kém, tâm phiền buồn nôn, rêu lưỡi trắng mỏng hoặc vàng mỏng hơi bẩn. Mạch huyền sác",HƯỚNG DẪN CHẨN ĐOÁN VÀ ĐIỀU TRỊ BỆNH THEO Y HỌC CỔ TRUYỀN KẾT HỢP Y HỌC CỔ TRUYỀN VÀ Y HỌC HIỆN ĐẠI - Trang 68
SP038,Huyết ứ,,Đau dây thần kinh liên sườn (Hiếp thống),Bất nội ngoại nhân,Huyết ứ,Lý thực,"Chẩn đoán đau dây thần kinh liên sườn dựa trên biểu hiện đau nhói từng đợt hoặc đau kéo dài dọc theo đường đi của dây thần kinh liên sườn, đau tăng khi ấn vào, ho hoặc hít thở sâu, có thể khu trú một hoặc hai bên, lan theo khoang liên sườn ra phía trước, ấn vùng cạnh sống gây đau tức, trong thể tiên phát các xét nghiệm cho kết quả bình thường, trong các nguyên nhân thứ phát có thể kèm điểm đau chói tại cột sống, biến dạng cột sống hoặc tổn thương da dạng mụn nước phân bố theo khoang liên sườn","Vùng mạng sườn đau như kim châm, đau cố định, đau tăng về đêm, có thể có vết sang thương, lưỡi tím hoặc có điểm ứ huyết. Mạch trầm sáp hoặc huyền sáp.",HƯỚNG DẪN CHẨN ĐOÁN VÀ ĐIỀU TRỊ BỆNH THEO Y HỌC CỔ TRUYỀN KẾT HỢP Y HỌC CỔ TRUYỀN VÀ Y HỌC HIỆN ĐẠI - Trang 69
SP039,Can đởm thấp nhiệt,,Đau dây thần kinh liên sườn (Hiếp thống),Bất nội ngoại nhân (nội thương),Can đởm thấp nhiệt,Lý thực nhiệt,"Chẩn đoán đau dây thần kinh liên sườn dựa trên biểu hiện đau nhói từng đợt hoặc đau kéo dài dọc theo đường đi của dây thần kinh liên sườn, đau tăng khi ấn vào, ho hoặc hít thở sâu, có thể khu trú một hoặc hai bên, lan theo khoang liên sườn ra phía trước, ấn vùng cạnh sống gây đau tức, trong thể tiên phát các xét nghiệm cho kết quả bình thường, trong các nguyên nhân thứ phát có thể kèm điểm đau chói tại cột sống, biến dạng cột sống hoặc tổn thương da dạng mụn nước phân bố theo khoang liên sườn","Sườn đau miệng đắng, ngực bụng đầy chướng, ăn kém, tiểu tiện ngắn đỏ, lưỡi đỏ, rêu vàng bẩn. Mạch hoạt sác",HƯỚNG DẪN CHẨN ĐOÁN VÀ ĐIỀU TRỊ BỆNH THEO Y HỌC CỔ TRUYỀN KẾT HỢP Y HỌC CỔ TRUYỀN VÀ Y HỌC HIỆN ĐẠI - Trang 69 - 70
SP040,Thể phong hàn thấp,Thường gặp trong những trường hợp đau thần kinh tọa do lạnh.,Đau thần kinh tọa (Yêu cước thống),Ngoại nhân (Phong hàn thấp),Kinh bàng quang và/hoặc Kinh đởm,Biểu thực hàn,"Đau thần kinh tọa được chẩn đoán dựa trên biểu hiện đau dọc theo đường đi của dây thần kinh tọa, đau lan từ thắt lưng xuống chi dưới theo rễ thần kinh tổn thương, kèm hội chứng cột sống thắt lưng gồm điểm đau cột sống, biến dạng cột sống thắt lưng, co cứng cơ cạnh cột sống, hạn chế cúi gập, nghiệm pháp Schober dương tính, và hội chứng chèn ép rễ thần kinh với đau theo rễ, tê bì hoặc nóng rát, dấu hiệu bấm chuông dương tính, dấu hiệu Lasègue dương tính, hệ thống điểm đau Valleix dương tính, rối loạn phản xạ gân xương và rối loạn cảm giác tương ứng rễ L5 hoặc S1, cận lâm sàng cho thấy bilan viêm âm tính, X quang cột sống thắt lưng có thể bình thường hoặc có dấu hiệu thoái hóa hoặc trượt thân đốt sống, cộng hưởng từ cột sống thắt lưng giúp xác định vị trí và mức độ tổn thương, điện cơ đồ giúp đánh giá rễ thần kinh bị tổn thương","Sau khi bị nhiễm lạnh, đau từ thắt lưng hoặc từ mông xuống chân, đau có điểm khu trú, chưa có teo cơ, đau tăng khi trời lạnh, chườm ấm dễ chịu. Sợ gió, sợ lạnh, đại tiện có thể bình thường hoặc nát, tiểu tiện trong, chất lưỡi nhợt, rêu lưỡi trắng mỏng. Mạch phù hoặc phù khẩn",HƯỚNG DẪN CHẨN ĐOÁN VÀ ĐIỀU TRỊ BỆNH THEO Y HỌC CỔ TRUYỀN KẾT HỢP Y HỌC CỔ TRUYỀN VÀ Y HỌC HIỆN ĐẠI - Trang 73
SP046,Thể khí hư huyết ứ,"Thường gặp ở người bệnh có bệnh lý tim mạch, xơ vữa động mạch.",Di chứng nhồi máu não (Bán thân bất hoại),Bất nội ngoại nhân (nội thương),"Khí hư, huyết ứ",Lý hư trung hiệp thực,"Di chứng nhồi máu não được chẩn đoán dựa trên triệu chứng lâm sàng có thiếu sót chức năng thần kinh, thường biểu hiện liệt nửa người và các triệu chứng thần kinh khu trú, kết hợp với cận lâm sàng trên phim CT scanner hoặc MRI sọ não có hình ảnh nhồi máu não","Bán thân bất toại (yếu, liệt nửa người), chân tay mình mẩy mềm vô lực, tê bì, nói ngọng, nói khó, miệng méo, sắc mặt không tươi nhuận, lưỡi tím có điểm ứ huyết. Mạch tế sáp hoặc hư nhược.",HƯỚNG DẪN CHẨN ĐOÁN VÀ ĐIỀU TRỊ BỆNH THEO Y HỌC CỔ TRUYỀN KẾT HỢP Y HỌC CỔ TRUYỀN VÀ Y HỌC HIỆN ĐẠI - Trang 83 - 84
SP041,Thể phong hàn thấp kết hợp can thận hư,Thường gặp trong những trường hợp đau thần kinh tọa do thoái hóa cột sống.,Đau thần kinh tọa (Yêu cước thống),Ngoại nhân + Bất nội ngoại nhân (nội thương),Can thận hư (Tỳ hư nếu có teo cơ). Kinh bàng quang và/hoặc Kinh đởm,"Biểu lý tương kiêm, hư trung hiệp thực, thiên hàn","Đau thần kinh tọa được chẩn đoán dựa trên biểu hiện đau dọc theo đường đi của dây thần kinh tọa, đau lan từ thắt lưng xuống chi dưới theo rễ thần kinh tổn thương, kèm hội chứng cột sống thắt lưng gồm điểm đau cột sống, biến dạng cột sống thắt lưng, co cứng cơ cạnh cột sống, hạn chế cúi gập, nghiệm pháp Schober dương tính, và hội chứng chèn ép rễ thần kinh với đau theo rễ, tê bì hoặc nóng rát, dấu hiệu bấm chuông dương tính, dấu hiệu Lasègue dương tính, hệ thống điểm đau Valleix dương tính, rối loạn phản xạ gân xương và rối loạn cảm giác tương ứng rễ L5 hoặc S1, cận lâm sàng cho thấy bilan viêm âm tính, X quang cột sống thắt lưng có thể bình thường hoặc có dấu hiệu thoái hóa hoặc trượt thân đốt sống, cộng hưởng từ cột sống thắt lưng giúp xác định vị trí và mức độ tổn thương, điện cơ đồ giúp đánh giá rễ thần kinh bị tổn thương","Đau vùng thắt lưng lan xuống mông, chân dọc theo đường đi của dây thần kinh tọa, đau có cảm giác tê bì, nặng nề, có thể teo cơ, bệnh kéo dài, dễ tái phát. Kèm theo triệu chứng ăn kém, ngủ ít. Chất lưỡi nhợt bệu, rêu lưỡi trắng dầy và nhớt. Mạch nhu hoãn hoặc trầm nhược.",HƯỚNG DẪN CHẨN ĐOÁN VÀ ĐIỀU TRỊ BỆNH THEO Y HỌC CỔ TRUYỀN KẾT HỢP Y HỌC CỔ TRUYỀN VÀ Y HỌC HIỆN ĐẠI - Trang 74
SP042,Thể thấp nhiệt,Thường gặp trong những trường hợp đau thần kinh tọa do viêm nhiễm.,Đau thần kinh tọa (Yêu cước thống),Ngoại nhân (thấp nhiệt),Kinh bàng quang và/hoặc Kinh đởm,Biểu thực nhiệt,"Đau thần kinh tọa được chẩn đoán dựa trên biểu hiện đau dọc theo đường đi của dây thần kinh tọa, đau lan từ thắt lưng xuống chi dưới theo rễ thần kinh tổn thương, kèm hội chứng cột sống thắt lưng gồm điểm đau cột sống, biến dạng cột sống thắt lưng, co cứng cơ cạnh cột sống, hạn chế cúi gập, nghiệm pháp Schober dương tính, và hội chứng chèn ép rễ thần kinh với đau theo rễ, tê bì hoặc nóng rát, dấu hiệu bấm chuông dương tính, dấu hiệu Lasègue dương tính, hệ thống điểm đau Valleix dương tính, rối loạn phản xạ gân xương và rối loạn cảm giác tương ứng rễ L5 hoặc S1, cận lâm sàng cho thấy bilan viêm âm tính, X quang cột sống thắt lưng có thể bình thường hoặc có dấu hiệu thoái hóa hoặc trượt thân đốt sống, cộng hưởng từ cột sống thắt lưng giúp xác định vị trí và mức độ tổn thương, điện cơ đồ giúp đánh giá rễ thần kinh bị tổn thương","Đau vùng thắt lưng lan xuống mông, chân dọc theo đường đi của dây thần kinh hông to, đau có cảm nóng rát như kim châm. Chân đau nóng hơn chân bên lành, chất lưỡi hồng hoặc đỏ, rêu lưỡi vàng. Mạch hoạt sác.",HƯỚNG DẪN CHẨN ĐOÁN VÀ ĐIỀU TRỊ BỆNH THEO Y HỌC CỔ TRUYỀN KẾT HỢP Y HỌC CỔ TRUYỀN VÀ Y HỌC HIỆN ĐẠI - Trang 75
SP043,Thể huyết ứ,Thường gặp trong những trường hợp đau thần kinh tọa do chấn thương hoặc do thoát vị đĩa đệm,Đau thần kinh tọa (Yêu cước thống),Bất nội ngoại nhân (huyết ứ),Kinh bàng quang và/hoặc Kinh đởm,Biểu thực,"Đau thần kinh tọa được chẩn đoán dựa trên biểu hiện đau dọc theo đường đi của dây thần kinh tọa, đau lan từ thắt lưng xuống chi dưới theo rễ thần kinh tổn thương, kèm hội chứng cột sống thắt lưng gồm điểm đau cột sống, biến dạng cột sống thắt lưng, co cứng cơ cạnh cột sống, hạn chế cúi gập, nghiệm pháp Schober dương tính, và hội chứng chèn ép rễ thần kinh với đau theo rễ, tê bì hoặc nóng rát, dấu hiệu bấm chuông dương tính, dấu hiệu Lasègue dương tính, hệ thống điểm đau Valleix dương tính, rối loạn phản xạ gân xương và rối loạn cảm giác tương ứng rễ L5 hoặc S1, cận lâm sàng cho thấy bilan viêm âm tính, X quang cột sống thắt lưng có thể bình thường hoặc có dấu hiệu thoái hóa hoặc trượt thân đốt sống, cộng hưởng từ cột sống thắt lưng giúp xác định vị trí và mức độ tổn thương, điện cơ đồ giúp đánh giá rễ thần kinh bị tổn thương","Đau đột ngột, dữ dội tại một điểm, đau lan xuống chân, hạn chế vận động nhiều, chất lưỡi tím, có điểm ứ huyết. Mạch sáp",HƯỚNG DẪN CHẨN ĐOÁN VÀ ĐIỀU TRỊ BỆNH THEO Y HỌC CỔ TRUYỀN KẾT HỢP Y HỌC CỔ TRUYỀN VÀ Y HỌC HIỆN ĐẠI - Trang 76
SP044,Thể can thận âm hư,"Thường gặp ở người có thể trạng gầy, người cao tuổi, tăng huyết áp và có xơ vữa mạch.",Di chứng nhồi máu não (Bán thân bất hoại),Bất nội ngoại nhân (nội thương),Can thận âm hư,Lý hư nhiệt,"Di chứng nhồi máu não được chẩn đoán dựa trên triệu chứng lâm sàng có thiếu sót chức năng thần kinh, thường biểu hiện liệt nửa người và các triệu chứng thần kinh khu trú, kết hợp với cận lâm sàng trên phim CT scanner hoặc MRI sọ não có hình ảnh nhồi máu não","Bán thân bất toại (yếu, liệt nửa người), chân tay cứng đờ, co quắp, nói ngọng, miệng méo, đau đầu, hoa mắt chóng mặt, ù tai, chất lưỡi đỏ, không rêu hoặc rêu vàng khô. Mạch huyền sác.",HƯỚNG DẪN CHẨN ĐOÁN VÀ ĐIỀU TRỊ BỆNH THEO Y HỌC CỔ TRUYỀN KẾT HỢP Y HỌC CỔ TRUYỀN VÀ Y HỌC HIỆN ĐẠI - Trang 80
SP045,Thể phong đàm,"Thường gặp ở những người tăng huyết áp, béo phì, cholesterol máu cao.",Di chứng nhồi máu não (Bán thân bất hoại),"Bất nội ngoại nhân (nội thương, đàm thấp hoá hoả sinh phong).",Tỳ hư,Lý hư.,"Di chứng nhồi máu não được chẩn đoán dựa trên triệu chứng lâm sàng có thiếu sót chức năng thần kinh, thường biểu hiện liệt nửa người và các triệu chứng thần kinh khu trú, kết hợp với cận lâm sàng trên phim CT scanner hoặc MRI sọ não có hình ảnh nhồi máu não","Bán thân bất toại (liệt nửa người), chân tay tê dại, nặng nề, khó cửđộng, miệng méo, nói ngọng, nặng đầu, hoa mắt chóng mặt, lưỡi bệu, dính nhớt, rêu trắng dày. Mạch huyền hoạt hoặc phù hoạt.",HƯỚNG DẪN CHẨN ĐOÁN VÀ ĐIỀU TRỊ BỆNH THEO Y HỌC CỔ TRUYỀN KẾT HỢP Y HỌC CỔ TRUYỀN VÀ Y HỌC HIỆN ĐẠI - Trang 82
SP047,Can thận bất túc,"Thường gặp trong bại não thể co cứng, thể phối hợp, thể thất điều",Bại não trẻ em (Ngũ trì),Bất nội ngoại nhân (Tiên thiên bất túc),Can thận bất túc,Lý hư,"Bại não được chẩn đoán xác định khi có rối loạn vận động do tổn thương hệ thần kinh trung ương không tiến triển, khởi phát từ khi sinh đến 5 tuổi, có thể kèm trí tuệ bình thường hoặc chậm phát triển, kết hợp các phương tiện cận lâm sàng hỗ trợ như siêu âm não qua thóp, CT hoặc MRI sọ não phát hiện tổn thương não, điện não đồ cho thấy hoạt động điện não bất thường và chụp X quang phát hiện dị tật cột sống hoặc khớp kèm theo","Gân xương mềm yếu, phát dục chậm, chậm ngồi, đứng, đi, mọc răng… Chân tay cử động chậm chạp, khi đứng chân co rút, bước không thẳng. Mặt, mắt co kéo, nói ngọng, không rõ tiếng, thóp lâu liền, cổ lưng mềm. Đêm ngủ không yên, dễ lên cơn co giật. Lưỡi nhợt, ít rêu. Mạch trầm tế, chỉ văn nhợt.",HƯỚNG DẪN CHẨN ĐOÁN VÀ ĐIỀU TRỊ BỆNH THEO Y HỌC CỔ TRUYỀN KẾT HỢP Y HỌC CỔ TRUYỀN VÀ Y HỌC HIỆN ĐẠI - Trang 89
SP048,Tâm tỳ hư,"Tương đương bại não thể liệt nhẽo, thể thất điều",Bại não trẻ em (Ngũ trì),Bất nội ngoại nhân (Tiên thiên bất túc và hậu thiên bất điều),Tâm tỳ hư,Lý hư,"Bại não được chẩn đoán xác định khi có rối loạn vận động do tổn thương hệ thần kinh trung ương không tiến triển, khởi phát từ khi sinh đến 5 tuổi, có thể kèm trí tuệ bình thường hoặc chậm phát triển, kết hợp các phương tiện cận lâm sàng hỗ trợ như siêu âm não qua thóp, CT hoặc MRI sọ não phát hiện tổn thương não, điện não đồ cho thấy hoạt động điện não bất thường và chụp X quang phát hiện dị tật cột sống hoặc khớp kèm theo","Chậm nói, nói ngọng, tinh thần đần độn, tứ chi mềm yếu, cử động chậm chạp, khó khăn, bước đi không thẳng, cơ nhục nhẽo, tóc mọc chậm, vàng, khô thưa. Miệng chảy dãi, nhai bú vô lực, nuốt thức ăn khó khăn, biếng ăn. Lưỡi nhợt bệu, ít rêu. Mạch tế hoãn, chỉ văn nhạt.",HƯỚNG DẪN CHẨN ĐOÁN VÀ ĐIỀU TRỊ BỆNH THEO Y HỌC CỔ TRUYỀN KẾT HỢP Y HỌC CỔ TRUYỀN VÀ Y HỌC HIỆN ĐẠI - Trang 92
SP049,Đàm ứ trở trệ,Hay gặp ở trẻ bại não do di chứng viêm não-màng não,Bại não trẻ em (Ngũ trì),Bất nội ngoại nhân (Đàm thấp trở trệ kinh lạc),Đàm thấp trở trệ,"Lý, hư trung hiệp thực","Bại não được chẩn đoán xác định khi có rối loạn vận động do tổn thương hệ thần kinh trung ương không tiến triển, khởi phát từ khi sinh đến 5 tuổi, có thể kèm trí tuệ bình thường hoặc chậm phát triển, kết hợp các phương tiện cận lâm sàng hỗ trợ như siêu âm não qua thóp, CT hoặc MRI sọ não phát hiện tổn thương não, điện não đồ cho thấy hoạt động điện não bất thường và chụp X quang phát hiện dị tật cột sống hoặc khớp kèm theo","Thất ngôn, nghe kém, tinh thần mờ tối, phản ứng chậm chạp. Cử động không tự chủ. Nuốt thở khó khăn, họng có tiếng đờm khò khè. Cứng khớp, cơ nhục mềm nhẽo. Có thể có cơn động kinh. Chất lưỡi bệu có điểm ứ huyết, rêu nhớt. Mạch trầm sáp hoặc hoạt, chỉ văn tối trệ.",HƯỚNG DẪN CHẨN ĐOÁN VÀ ĐIỀU TRỊ BỆNH THEO Y HỌC CỔ TRUYỀN KẾT HỢP Y HỌC CỔ TRUYỀN VÀ Y HỌC HIỆN ĐẠI - Trang 93
SP050,Thể âm hư,,Di chứng viêm não do virus (Ôn bệnh),Bất nội ngoại nhân (nội thương),Âm hư/can thận âm hư,Lý hư nhiệt,"Chẩn đoán di chứng viêm não do virus dựa vào tiền sử và bệnh sử đã được chẩn đoán viêm não do virus trước đó, kết hợp các biểu hiện lâm sàng di chứng thần kinh và tâm thần như chậm phát triển tâm thần vận động, giảm vận động nửa người hoặc tứ chi, rối loạn ngôn ngữ, động kinh, rối loạn trương lực cơ, rối loạn cảm xúc và trí nhớ, cùng với các phương tiện cận lâm sàng hỗ trợ gồm xét nghiệm cơ bản, điện não đồ, điện cơ đồ, chụp CT sọ não hoặc MRI sọ não","Đêm nóng, sáng mát, hết sốt hoặc chỉ còn sốt nhẹ mà không có mồhôi. Người gầy, lòng bàn chân tay nóng đỏ. Tinh thần mờ tối, thường nằm yên ít cửđộng, nhận biết kém. Đại tiện táo, nước tiểu vàng. Miệng họng khô, môi lưỡi đỏ, ít rêu hoặc không rêu. Mạch tế sác. Nếu âm huyết hư sinh phong trẻ còn thêm quấy khóc, la hét, vật vã, phiền nhiệt, mất ngủ, chân tay co cứng, xoắn vặn, co giật hoặc run giật.",HƯỚNG DẪN CHẨN ĐOÁN VÀ ĐIỀU TRỊ BỆNH THEO Y HỌC CỔ TRUYỀN KẾT HỢP Y HỌC CỔ TRUYỀN VÀ Y HỌC HIỆN ĐẠI - Trang 97
SP051,Thể khí âm lưỡng hư (khí huyết hư),,Di chứng viêm não do virus (Ôn bệnh),Bất nội ngoại nhân (nội thương),Khí huyết hư,Lý hư,"Chẩn đoán di chứng viêm não do virus dựa vào tiền sử và bệnh sử đã được chẩn đoán viêm não do virus trước đó, kết hợp các biểu hiện lâm sàng di chứng thần kinh và tâm thần như chậm phát triển tâm thần vận động, giảm vận động nửa người hoặc tứ chi, rối loạn ngôn ngữ, động kinh, rối loạn trương lực cơ, rối loạn cảm xúc và trí nhớ, cùng với các phương tiện cận lâm sàng hỗ trợ gồm xét nghiệm cơ bản, điện não đồ, điện cơ đồ, chụp CT sọ não hoặc MRI sọ não","Tinh thần đần độn, không nói (thất vận ngôn), chân tay co cứng hoặc liệt, không ngồi, không đứng, không đi được, sắc mặt lúc trắng lúc đỏ, chất lưỡi nhợt hoặc tím. Mạch tế nhược",HƯỚNG DẪN CHẨN ĐOÁN VÀ ĐIỀU TRỊ BỆNH THEO Y HỌC CỔ TRUYỀN KẾT HỢP Y HỌC CỔ TRUYỀN VÀ Y HỌC HIỆN ĐẠI - Trang 100
SP063,Thể phong nhiệt,,Bệnh phổi tắc nghẽn mạn tính (COPD) (Khái suyễn),"Ngoại nhân (phong, nhiệt)",,Biểu thực nhiệt,"Chẩn đoán COPD dựa vào tiền sử tiếp xúc với các yếu tố nguy cơ như hút thuốc lá thuốc lào ô nhiễm môi trường, triệu chứng ho khạc đờm kéo dài và khó thở tiến triển nặng dần, thăm khám lâm sàng có rì rào phế nang giảm ran rít ran ngáy ran ẩm ran nổ lồng ngực hình thùng, đo chức năng thông khí phổi là tiêu chuẩn vàng với rối loạn thông khí tắc nghẽn không hồi phục hoàn toàn sau test hồi phục phế quản, chỉ số FEV1/FVC nhỏ hơn 70% sau test hồi phục phế quản.","Ho nhiều, tiếng ho nặng, khạc đờm đặc, vàng, miệng khát, họng đau, nước mũi vàng đục. Toàn thân đau mỏi, sốt cao, ra mồ hôi, nhức đầu, sợ gió, rêu lưỡi vàng mỏng, mạch phù sác",HƯỚNG DẪN CHẨN ĐOÁN VÀ ĐIỀU TRỊ BỆNH THEO Y HỌC CỔ TRUYỀN KẾT HỢP Y HỌC CỔ TRUYỀN VÀ Y HỌC HIỆN ĐẠI - Trang 127
SP052,Cam khí (Tỳ hư),,Suy dinh dưỡng thể Marasmus (Cam tích),Bất nội ngoại nhân (nội thương),Tỳ hư,Lý hư,"Chẩn đoán suy dinh dưỡng thể Marasmus dựa vào các chỉ tiêu nhân trắc học gồm chu vi vòng cánh tay MUAC hoặc cân nặng theo chiều cao thấp hơn ngưỡng chẩn đoán suy dinh dưỡng. Suy dinh dưỡng thể vừa khi MUAC từ trên 115mm đến 125mm hoặc cân nặng theo chiều cao từ trên -3SD đến -2SD. Suy dinh dưỡng nặng khi MUAC nhỏ hơn hoặc bằng 115mm hoặc cân nặng theo chiều cao nhỏ hơn hoặc bằng -3SD, kèm các biểu hiện lâm sàng như mất mỡ dưới da ở mặt mông và chi, trẻ gầy đét, mặt hốc hác, mắt trũng, da khô nhăn nheo, có thể kèm các dấu hiệu thiếu vitamin","Người gầy gò, sắc mặt vàng ải, kém tươi nhuận, lông tóc thưa. Ăn uống ít hoặc ăn nhiều dễ đói, tinh thần mệt mỏi, dễ tức giận, đại tiện nát hoặc bí. Chất lưỡi nhợt, rêu mỏng trắng hoặc vàng nhạt. Mạch tế hoặc chỉ văn nhợt.",HƯỚNG DẪN CHẨN ĐOÁN VÀ ĐIỀU TRỊ BỆNH THEO Y HỌC CỔ TRUYỀN KẾT HỢP Y HỌC CỔ TRUYỀN VÀ Y HỌC HIỆN ĐẠI - Trang 105
SP053,Cam tích,,Suy dinh dưỡng thể Marasmus (Cam tích),Bất nội ngoại nhân (nội thương),Tỳ hư tích trệ,"Lý, hư trung hiệp thực","Chẩn đoán suy dinh dưỡng thể Marasmus dựa vào các chỉ tiêu nhân trắc học gồm chu vi vòng cánh tay MUAC hoặc cân nặng theo chiều cao thấp hơn ngưỡng chẩn đoán suy dinh dưỡng. Suy dinh dưỡng thể vừa khi MUAC từ trên 115mm đến 125mm hoặc cân nặng theo chiều cao từ trên -3SD đến -2SD. Suy dinh dưỡng nặng khi MUAC nhỏ hơn hoặc bằng 115mm hoặc cân nặng theo chiều cao nhỏ hơn hoặc bằng -3SD, kèm các biểu hiện lâm sàng như mất mỡ dưới da ở mặt mông và chi, trẻ gầy đét, mặt hốc hác, mắt trũng, da khô nhăn nheo, có thể kèm các dấu hiệu thiếu vitamin","Người gầy, bụng chướng to, nổi gân xanh, sắc mặt vàng tối, lông tóc thưa. Tinh thần hay phiền não, dễ kích động, ngủ không yên, hoặc có các hành động khác thường. Ăn uống ít hoặc nhiều, đại tiện nhiều. Chất lưỡi nhợt, rêu mỏng bẩn. Mạch tế sác.",HƯỚNG DẪN CHẨN ĐOÁN VÀ ĐIỀU TRỊ BỆNH THEO Y HỌC CỔ TRUYỀN KẾT HỢP Y HỌC CỔ TRUYỀN VÀ Y HỌC HIỆN ĐẠI - Trang 107
SP054,Can cam (Khí huyết hư),,Suy dinh dưỡng thể Marasmus (Cam tích),Bất nội ngoại nhân (nội thương),Khí huyết hư,Lý hư,"Chẩn đoán suy dinh dưỡng thể Marasmus dựa vào các chỉ tiêu nhân trắc học gồm chu vi vòng cánh tay MUAC hoặc cân nặng theo chiều cao thấp hơn ngưỡng chẩn đoán suy dinh dưỡng. Suy dinh dưỡng thể vừa khi MUAC từ trên 115mm đến 125mm hoặc cân nặng theo chiều cao từ trên -3SD đến -2SD. Suy dinh dưỡng nặng khi MUAC nhỏ hơn hoặc bằng 115mm hoặc cân nặng theo chiều cao nhỏ hơn hoặc bằng -3SD, kèm các biểu hiện lâm sàng như mất mỡ dưới da ở mặt mông và chi, trẻ gầy đét, mặt hốc hác, mắt trũng, da khô nhăn nheo, có thể kèm các dấu hiệu thiếu vitamin","Người tiêu gầy, vẻ mặt cụ già, da khô, cơ teo, da bọc xương. Tinh thần mệt mỏi, mắt mờ hoặc có màng, tiếng khóc nhỏ yếu, lông tóc khô, bụng lõm lòng thuyền, ngửi không muốn ăn, đại tiện nát hoặc phân khuôn bé, có lúc hạ thân nhiệt, miệng khô. Chất lưỡi hồng, rêu lưỡi mỏng. Mạch trầm tế",HƯỚNG DẪN CHẨN ĐOÁN VÀ ĐIỀU TRỊ BỆNH THEO Y HỌC CỔ TRUYỀN KẾT HỢP Y HỌC CỔ TRUYỀN VÀ Y HỌC HIỆN ĐẠI - Trang 108
SP055,Thể khí trệ,,Viêm dạ dày và tá tràng (Vị quản thống),Bất nội ngoại nhân (nội thương),"Bệnh ở can, vị (can khí phạm vị)",Lý thực,"Chẩn đoán viêm dạ dày và tá tràng dựa vào triệu chứng lâm sàng như đau vùng thượng vị, kèm ợ hơi, ợ chua, nóng rát, buồn nôn, nôn, có thể táo bón hoặc đầy bụng khó tiêu. Nội soi dạ dày phát hiện tổn thương viêm niêm mạc, phù nề, xung huyết, có thể kèm loét, xuất huyết hoặc ung thư hóa. Các xét nghiệm hỗ trợ chẩn đoán bao gồm sinh thiết niêm mạc dạ dày làm CLO test, nuôi cấy vi khuẩn Helicobacter pylori và làm kháng sinh đồ, test hơi thở urea, xét nghiệm huyết thanh tìm kháng thể và xét nghiệm phân tìm kháng nguyên HP","Đau bụng vùng thượng vị thành cơn, đau lan ra mạn sườn, có khi đau lan ra sau lưng, bụng đầy chướng nhiều và ấn đau (cự án), hay ợ chua, ợ hợi, khi ợ hơi được thì đỡ đau. Chất lưỡi hơi đỏ, rêu lưỡi trắng hoặc hơi vàng mỏng. Mạch huyền",HƯỚNG DẪN CHẨN ĐOÁN VÀ ĐIỀU TRỊ BỆNH THEO Y HỌC CỔ TRUYỀN KẾT HỢP Y HỌC CỔ TRUYỀN VÀ Y HỌC HIỆN ĐẠI - Trang 112
SP056,Thể hỏa uất,,Viêm dạ dày và tá tràng (Vị quản thống),Bất nội ngoại nhân (nội thương),"Bệnh ở can, vị (can khí phạm vị)",Lý thực nhiệt,"Chẩn đoán viêm dạ dày và tá tràng dựa vào triệu chứng lâm sàng như đau vùng thượng vị, kèm ợ hơi, ợ chua, nóng rát, buồn nôn, nôn, có thể táo bón hoặc đầy bụng khó tiêu. Nội soi dạ dày phát hiện tổn thương viêm niêm mạc, phù nề, xung huyết, có thể kèm loét, xuất huyết hoặc ung thư hóa. Các xét nghiệm hỗ trợ chẩn đoán bao gồm sinh thiết niêm mạc dạ dày làm CLO test, nuôi cấy vi khuẩn Helicobacter pylori và làm kháng sinh đồ, test hơi thở urea, xét nghiệm huyết thanh tìm kháng thể và xét nghiệm phân tìm kháng nguyên HP","Đau thượng vị nhiều, đau nóng rát, cự án. Ợ chua nhiều, miệng khô đắng. Chất lưỡi đỏ, rêu lưỡi vàng. Mạch huyền sác.",HƯỚNG DẪN CHẨN ĐOÁN VÀ ĐIỀU TRỊ BỆNH THEO Y HỌC CỔ TRUYỀN KẾT HỢP Y HỌC CỔ TRUYỀN VÀ Y HỌC HIỆN ĐẠI - Trang 113
SP064,Thể phong hàn,,Bệnh phổi tắc nghẽn mạn tính (COPD) (Khái suyễn),"Ngoại nhân (phong, hàn)",Kinh và tạng Phế,"Biểu lý tương kiêm, hư trung hiệp thực, hàn","Chẩn đoán COPD dựa vào tiền sử tiếp xúc với các yếu tố nguy cơ như hút thuốc lá thuốc lào ô nhiễm môi trường, triệu chứng ho khạc đờm kéo dài và khó thở tiến triển nặng dần, thăm khám lâm sàng có rì rào phế nang giảm ran rít ran ngáy ran ẩm ran nổ lồng ngực hình thùng, đo chức năng thông khí phổi là tiêu chuẩn vàng với rối loạn thông khí tắc nghẽn không hồi phục hoàn toàn sau test hồi phục phế quản, chỉ số FEV1/FVC nhỏ hơn 70% sau test hồi phục phế quản.","Người bệnh ho, đờm trong loãng, sắc trắng, dễ khạc, kèm theo tắc mũi, chảy nước mũi trong. Toàn thân: sốt, sợ lạnh, đau đầu, cảm giác mỏi người, không ra mồ hôi, khản tiếng, rêu lưỡi trắng mỏng, mạch phù.",HƯỚNG DẪN CHẨN ĐOÁN VÀ ĐIỀU TRỊ BỆNH THEO Y HỌC CỔ TRUYỀN KẾT HỢP Y HỌC CỔ TRUYỀN VÀ Y HỌC HIỆN ĐẠI - Trang 128
SP057,Thể huyết ứ,,Viêm dạ dày và tá tràng (Vị quản thống),Bất nội ngoại nhân (nội thương),"Bệnh ở can, vị (can khí phạm vị)",Lý thực (Thực chứng) hoặc Lý hư trung hiệp thực (Hư chứng),"Chẩn đoán viêm dạ dày và tá tràng dựa vào triệu chứng lâm sàng như đau vùng thượng vị, kèm ợ hơi, ợ chua, nóng rát, buồn nôn, nôn, có thể táo bón hoặc đầy bụng khó tiêu. Nội soi dạ dày phát hiện tổn thương viêm niêm mạc, phù nề, xung huyết, có thể kèm loét, xuất huyết hoặc ung thư hóa. Các xét nghiệm hỗ trợ chẩn đoán bao gồm sinh thiết niêm mạc dạ dày làm CLO test, nuôi cấy vi khuẩn Helicobacter pylori và làm kháng sinh đồ, test hơi thở urea, xét nghiệm huyết thanh tìm kháng thể và xét nghiệm phân tìm kháng nguyên HP","Đau dữ dội ở một vị trí nhất định vùng thượng vị, cự án. Trên lâm sàng chia thành 2 trường hợp: thực chứng và hư chứng.
- Thực chứng: Nôn ra máu, đi ngoài phân đen, môi đỏ lưỡi đỏ, rêu lưỡi vàng. Mạchhuyền sác hữu lực (bệnh thể cấp)
- Hư chứng: Nếu chảy máu nhiều kèm theo sắc mặt nhợt nhạt, người mệt mỏi, môi nhợt, chân tay lạnh, ra mồ hôi, chất lưỡi bệu có ứ huyết, rêu lưỡi nhuận. Mạch hư đại hoặc tế sáp (bệnh thể hoãn).",HƯỚNG DẪN CHẨN ĐOÁN VÀ ĐIỀU TRỊ BỆNH THEO Y HỌC CỔ TRUYỀN KẾT HỢP Y HỌC CỔ TRUYỀN VÀ Y HỌC HIỆN ĐẠI - Trang 114
SP058,Thể tỳ vị hư hàn,,Viêm dạ dày và tá tràng (Vị quản thống),Bất nội ngoại nhân (nội thương),"Bệnh ở tỳ, vị (tỳ vị hư hàn)",Lý hư hàn,"Chẩn đoán viêm dạ dày và tá tràng dựa vào triệu chứng lâm sàng như đau vùng thượng vị, kèm ợ hơi, ợ chua, nóng rát, buồn nôn, nôn, có thể táo bón hoặc đầy bụng khó tiêu. Nội soi dạ dày phát hiện tổn thương viêm niêm mạc, phù nề, xung huyết, có thể kèm loét, xuất huyết hoặc ung thư hóa. Các xét nghiệm hỗ trợ chẩn đoán bao gồm sinh thiết niêm mạc dạ dày làm CLO test, nuôi cấy vi khuẩn Helicobacter pylori và làm kháng sinh đồ, test hơi thở urea, xét nghiệm huyết thanh tìm kháng thể và xét nghiệm phân tìm kháng nguyên HP","Đau thượng vị âm ỉ, đau liên miên, nôn nhiều nôn ra nước trong, gặp lạnh đau tăng, khi đau thích xoa bóp, chườm nóng. Kèm theo sợ lạnh, tay chân lạnh, ăn kém, thích ăn đồ ấm nóng. Bụng đầy thường xuyên, đại tiện lỏng nát. Chất lưỡi nhợt bệu, rêu lưỡi trắng. Mạch trầm nhược",HƯỚNG DẪN CHẨN ĐOÁN VÀ ĐIỀU TRỊ BỆNH THEO Y HỌC CỔ TRUYỀN KẾT HỢP Y HỌC CỔ TRUYỀN VÀ Y HỌC HIỆN ĐẠI - Trang 116
SP059,Thể khí ngưng,,Viêm gan virus mạn (Hiếp thống),Bất nội ngoại nhân (nội thương),Can,"Lý, thực, nhiệt","Chẩn đoán viêm gan virus mạn dựa vào HBsAg dương tính trên 6 tháng hoặc HBsAg dương tính kèm Anti HBc IgG dương tính, men gan AST và ALT tăng từng đợt hoặc liên tục kéo dài trên 6 tháng, có bằng chứng tổn thương mô gan tiến triển hoặc xơ gan được xác định bằng sinh thiết gan hoặc đo độ đàn hồi gan hoặc Fibrotest hoặc chỉ số APRI, loại trừ các căn nguyên khác","Đau tức nặng ở vùng hạ sườn phải, mỗi khí tinh thần bị kích động, tức giận thì cảm giác này lại tăng lên. Ăn uống kém, miệng đắng, người mệt mỏi, khi gắng sức thì nước tiểu vàng, chất lưỡi bình thường, rêu lưỡi trắng mỏng, mạch huyền.",HƯỚNG DẪN CHẨN ĐOÁN VÀ ĐIỀU TRỊ BỆNH THEO Y HỌC CỔ TRUYỀN KẾT HỢP Y HỌC CỔ TRUYỀN VÀ Y HỌC HIỆN ĐẠI - Trang 120
SP060,Thể huyết ứ,,Viêm gan virus mạn (Hiếp thống),Bất nội ngoại nhân (huyết ứ),Can,"Lý, thực","Chẩn đoán viêm gan virus mạn dựa vào HBsAg dương tính trên 6 tháng hoặc HBsAg dương tính kèm Anti HBc IgG dương tính, men gan AST và ALT tăng từng đợt hoặc liên tục kéo dài trên 6 tháng, có bằng chứng tổn thương mô gan tiến triển hoặc xơ gan được xác định bằng sinh thiết gan hoặc đo độ đàn hồi gan hoặc Fibrotest hoặc chỉ số APRI, loại trừ các căn nguyên khác","Vùng hạ sườn phải có cảm giác đau như kim châm, chỗ đau thường cố định, không di chuyển, về đêm thường đau tăng lên, đôi khi có thể sờ thấy một khối rắn ở vùng hạ sườn phải, chất lưỡi tím sẫm, mạch trầm sáp",HƯỚNG DẪN CHẨN ĐOÁN VÀ ĐIỀU TRỊ BỆNH THEO Y HỌC CỔ TRUYỀN KẾT HỢP Y HỌC CỔ TRUYỀN VÀ Y HỌC HIỆN ĐẠI - Trang 121
SP061,Thể can đởm thấp nhiệt,,Viêm gan virus mạn (Hiếp thống),Can đởm thấp nhiệt,"Can, đởm","Lý, thực, nhiệt","Chẩn đoán viêm gan virus mạn dựa vào HBsAg dương tính trên 6 tháng hoặc HBsAg dương tính kèm Anti HBc IgG dương tính, men gan AST và ALT tăng từng đợt hoặc liên tục kéo dài trên 6 tháng, có bằng chứng tổn thương mô gan tiến triển hoặc xơ gan được xác định bằng sinh thiết gan hoặc đo độ đàn hồi gan hoặc Fibrotest hoặc chỉ số APRI, loại trừ các căn nguyên khác","Đau tức vùng mạng sườn phải, miệng đắng, ngực có cảm giác đầy tức, ăn kém, không muốn ăn, đôi khi có cảm giác nôn, buồn nôn, củng mạc mắt vàng, da vàng, có thể kèm theo sốt, đại tiện táo, nước tiểu vàng, chất lưỡi đỏ, rêu lưỡi vàng nhớt, mạch huyền sác.",HƯỚNG DẪN CHẨN ĐOÁN VÀ ĐIỀU TRỊ BỆNH THEO Y HỌC CỔ TRUYỀN KẾT HỢP Y HỌC CỔ TRUYỀN VÀ Y HỌC HIỆN ĐẠI - Trang 122
SP062,Thể âm hư nội nhiệt,,Viêm gan virus mạn (Hiếp thống),Bất nội ngoại nhân,Can,"Lý, hư, nhiệt.","Chẩn đoán viêm gan virus mạn dựa vào HBsAg dương tính trên 6 tháng hoặc HBsAg dương tính kèm Anti HBc IgG dương tính, men gan AST và ALT tăng từng đợt hoặc liên tục kéo dài trên 6 tháng, có bằng chứng tổn thương mô gan tiến triển hoặc xơ gan được xác định bằng sinh thiết gan hoặc đo độ đàn hồi gan hoặc Fibrotest hoặc chỉ số APRI, loại trừ các căn nguyên khác","Đau tức vùng hạ sườn phải, ăn kém, nước tiểu vàng. Mỗi khi lao lực mệt mỏi những triệu chứng này lại tăng lên. Miệng khô, họng khô, đắng miệng, đại tiện táo, chất lưỡi đỏ, rêu lưỡi hơi vàng, mạch huyền tế.",HƯỚNG DẪN CHẨN ĐOÁN VÀ ĐIỀU TRỊ BỆNH THEO Y HỌC CỔ TRUYỀN KẾT HỢP Y HỌC CỔ TRUYỀN VÀ Y HỌC HIỆN ĐẠI - Trang 122
SP065,Thể khí táo,,Bệnh phổi tắc nghẽn mạn tính (COPD) (Khái suyễn),Ngoại nhân + Bất nội ngoại nhân (nội thương),Kinh và tạng Phế,"Biểu lý tương kiêm, hư trung hiệp thực, nhiệt.","Chẩn đoán COPD dựa vào tiền sử tiếp xúc với các yếu tố nguy cơ như hút thuốc lá thuốc lào ô nhiễm môi trường, triệu chứng ho khạc đờm kéo dài và khó thở tiến triển nặng dần, thăm khám lâm sàng có rì rào phế nang giảm ran rít ran ngáy ran ẩm ran nổ lồng ngực hình thùng, đo chức năng thông khí phổi là tiêu chuẩn vàng với rối loạn thông khí tắc nghẽn không hồi phục hoàn toàn sau test hồi phục phế quản, chỉ số FEV1/FVC nhỏ hơn 70% sau test hồi phục phế quản.","Ho khan, ít đờm, đôi khi ho có lẫn ít đờm, trong có tia máu, họng khô, mũi khô. Toàn thân: Phát sốt, sợ gió đau họng, đầu lưỡi đỏ, lưỡi khô, rêu lưỡi vàng, mạch hoạt sác.",HƯỚNG DẪN CHẨN ĐOÁN VÀ ĐIỀU TRỊ BỆNH THEO Y HỌC CỔ TRUYỀN KẾT HỢP Y HỌC CỔ TRUYỀN VÀ Y HỌC HIỆN ĐẠI - Trang 129
SP066,Thể đàm thấp,,Bệnh phổi tắc nghẽn mạn tính (COPD) (Khái suyễn),Bất nội ngoại nhân (nội thương),"Tỳ, phế.","Lý, hư, hàn.","Chẩn đoán COPD dựa vào tiền sử tiếp xúc với các yếu tố nguy cơ như hút thuốc lá thuốc lào ô nhiễm môi trường, triệu chứng ho khạc đờm kéo dài và khó thở tiến triển nặng dần, thăm khám lâm sàng có rì rào phế nang giảm ran rít ran ngáy ran ẩm ran nổ lồng ngực hình thùng, đo chức năng thông khí phổi là tiêu chuẩn vàng với rối loạn thông khí tắc nghẽn không hồi phục hoàn toàn sau test hồi phục phế quản, chỉ số FEV1/FVC nhỏ hơn 70% sau test hồi phục phế quản.","Ho, khạc đờm nhiều, đờm trắng, dính loãng hoặc thành cục. Ngực bụng có cảm giác đầy tức, ăn kém, tinh thần mỏi mệt, rêu lưỡi trắng nhờn, mạch nhu hoạt.",HƯỚNG DẪN CHẨN ĐOÁN VÀ ĐIỀU TRỊ BỆNH THEO Y HỌC CỔ TRUYỀN KẾT HỢP Y HỌC CỔ TRUYỀN VÀ Y HỌC HIỆN ĐẠI - Trang 130
SP067,Thể thủy ẩm (hàn ẩm),"Thường hay gặp ở người bệnh viêm phế quản mạn tính kèm theo giãn phế nang ở người cao tuổi, suy giảm chức năng hô hấp rõ, bệnh tâm phế mạn.",Bệnh phổi tắc nghẽn mạn tính (COPD) (Khái suyễn),Bất nội ngoại nhân (nội thương),"Phế, thận hư","Lý, hư, hàn.","Chẩn đoán COPD dựa vào tiền sử tiếp xúc với các yếu tố nguy cơ như hút thuốc lá thuốc lào ô nhiễm môi trường, triệu chứng ho khạc đờm kéo dài và khó thở tiến triển nặng dần, thăm khám lâm sàng có rì rào phế nang giảm ran rít ran ngáy ran ẩm ran nổ lồng ngực hình thùng, đo chức năng thông khí phổi là tiêu chuẩn vàng với rối loạn thông khí tắc nghẽn không hồi phục hoàn toàn sau test hồi phục phế quản, chỉ số FEV1/FVC nhỏ hơn 70% sau test hồi phục phế quản.","Ho kéo dài, hay tái phát, khó thở, khi trời lạnh thì ho tăng lên, khạc ra nhiều đờm loãng trắng. Khi vận động các triệu chứng trên tăng lên. Khó thở, nhiều khi nằm phải gối đầu cao.",HƯỚNG DẪN CHẨN ĐOÁN VÀ ĐIỀU TRỊ BỆNH THEO Y HỌC CỔ TRUYỀN KẾT HỢP Y HỌC CỔ TRUYỀN VÀ Y HỌC HIỆN ĐẠI - Trang 131
SP068,Thể phong hàn,,Màn đay (Ẩn chẳn),Ngoại nhân (phong hàn),,Biểu thực hàn,"Chẩn đoán mày đay chủ yếu dựa vào tổn thương cơ bản trên da là các sẩn phù kích thước to nhỏ khác nhau xuất hiện ở bất kỳ vùng da nào của cơ thể, sẩn phù hơi nổi cao màu đỏ hoặc nhạt hơn vùng da xung quanh, hình dạng và kích thước thay đổi nhanh xuất hiện nhanh và mất đi nhanh, phân loại mày đay cấp khi phản ứng xảy ra trong vòng 24 giờ và có thể kéo dài đến 6 tuần, mày đay mạn khi tồn tại trên 6 tuần, cận lâm sàng hỗ trợ tìm căn nguyên gồm prick test patch test với dị nguyên nghi ngờ, xét nghiệm máu có tăng bạch cầu ái toan gợi ý bệnh dị ứng hoặc ký sinh trùng, sinh thiết da trong trường hợp mày đay kéo dài để xác định viêm mao mạch, định lượng IgE đặc hiệu bằng công nghệ MAST CLA1.","Sẩn phù màu trắng, gặp gió lạnh thì nặng lên, chườm ấm thấy đỡ, không khát; lưỡi nhợt, rêu trắng mỏng. Mạch phù khẩn.",HƯỚNG DẪN CHẨN ĐOÁN VÀ ĐIỀU TRỊ BỆNH THEO Y HỌC CỔ TRUYỀN KẾT HỢP Y HỌC CỔ TRUYỀN VÀ Y HỌC HIỆN ĐẠI - Trang 135 - 136
SP069,Thể phong nhiệt,,Màn đay (Ẩn chẳn),Ngoại nhân (phong nhiệt),,Biểu thực nhiệt,"Chẩn đoán mày đay chủ yếu dựa vào tổn thương cơ bản trên da là các sẩn phù kích thước to nhỏ khác nhau xuất hiện ở bất kỳ vùng da nào của cơ thể, sẩn phù hơi nổi cao màu đỏ hoặc nhạt hơn vùng da xung quanh, hình dạng và kích thước thay đổi nhanh xuất hiện nhanh và mất đi nhanh, phân loại mày đay cấp khi phản ứng xảy ra trong vòng 24 giờ và có thể kéo dài đến 6 tuần, mày đay mạn khi tồn tại trên 6 tuần, cận lâm sàng hỗ trợ tìm căn nguyên gồm prick test patch test với dị nguyên nghi ngờ, xét nghiệm máu có tăng bạch cầu ái toan gợi ý bệnh dị ứng hoặc ký sinh trùng, sinh thiết da trong trường hợp mày đay kéo dài để xác định viêm mao mạch, định lượng IgE đặc hiệu bằng công nghệ MAST CLA1.","Sẩn phù màu đỏ tươi, ngứa dữ dội, có thể kèm theo người nóng, phát sốt, sợ nóng, hầu họng sưng đau, gặp nóng bệnh nặng thêm, rêu lưỡi vàng mỏng. Mạchphù sác.",HƯỚNG DẪN CHẨN ĐOÁN VÀ ĐIỀU TRỊ BỆNH THEO Y HỌC CỔ TRUYỀN KẾT HỢP Y HỌC CỔ TRUYỀN VÀ Y HỌC HIỆN ĐẠI - Trang 136 - 137
SP070,Thể huyết hư phong táo,,Màn đay (Ẩn chẳn),Bất nội ngoại nhân (nội thương),,"Biểu lý tương kiêm, hư","Chẩn đoán mày đay chủ yếu dựa vào tổn thương cơ bản trên da là các sẩn phù kích thước to nhỏ khác nhau xuất hiện ở bất kỳ vùng da nào của cơ thể, sẩn phù hơi nổi cao màu đỏ hoặc nhạt hơn vùng da xung quanh, hình dạng và kích thước thay đổi nhanh xuất hiện nhanh và mất đi nhanh, phân loại mày đay cấp khi phản ứng xảy ra trong vòng 24 giờ và có thể kéo dài đến 6 tuần, mày đay mạn khi tồn tại trên 6 tuần, cận lâm sàng hỗ trợ tìm căn nguyên gồm prick test patch test với dị nguyên nghi ngờ, xét nghiệm máu có tăng bạch cầu ái toan gợi ý bệnh dị ứng hoặc ký sinh trùng, sinh thiết da trong trường hợp mày đay kéo dài để xác định viêm mao mạch, định lượng IgE đặc hiệu bằng công nghệ MAST CLA1.","Bệnh tái đi tái lại, tổn thương có màu trắng, sau trưa hoặc về đêm thì nặng lên, kèm theo mệt mỏi, sắc mặt không tươi nhuận, lưỡi hồng nhạt, rêu trắng mỏng. Mạch tế nhược",HƯỚNG DẪN CHẨN ĐOÁN VÀ ĐIỀU TRỊ BỆNH THEO Y HỌC CỔ TRUYỀN KẾT HỢP Y HỌC CỔ TRUYỀN VÀ Y HỌC HIỆN ĐẠI - Trang 137
SP071,Thể bàng quang thấp nhiệt,,Bí đái cơ năng (Long bế),Thấp nhiệt,Bàng quang thấp nhiệt,Lý thực nhiệt,"Bí đái được chẩn đoán khi trong bàng quang có nhiều nước tiểu nhưng người bệnh không đi tiểu được hoặc đi tiểu rất ít không do nguyên nhân cản trở cơ giới, bí đái cơ năng thường liên quan đến viêm nhiễm phẫu thuật vùng tiểu khung phẫu thuật vùng xương chậu khớp háng cột sống vùng hậu môn trực tràng hoặc ảnh hưởng của thuốc tê mê, triệu chứng lâm sàng gồm đau tức vùng bụng dưới vùng bàng quang vùng trước xương mu khó chịu bứt rứt muốn đi tiểu nhưng không tiểu được căng tức bàng quang, khám bụng vùng hạ vị thấy cầu bàng quang, chẩn đoán chủ yếu dựa vào thăm khám lâm sàng","Tiểu lượng ít, nhỏ giọt, nước tiểu vàng, tiểu nóng rát, hoặc không tiểu tiện được, bụng dưới đầy, miệng đắng và khô, không muốn uống nước, đại tiện khó, rêu lưỡi vàng và nhớt, chất lưỡi đỏ. Mạch sác.",HƯỚNG DẪN CHẨN ĐOÁN VÀ ĐIỀU TRỊ BỆNH THEO Y HỌC CỔ TRUYỀN KẾT HỢP Y HỌC CỔ TRUYỀN VÀ Y HỌC HIỆN ĐẠI - Trang 140 - 141
SP072,Thể phế nhiệt,,Bí đái cơ năng (Long bế),Bất nội ngoại nhân (nội thương),Phế nhiệt,Lý thực nhiệt,"Bí đái được chẩn đoán khi trong bàng quang có nhiều nước tiểu nhưng người bệnh không đi tiểu được hoặc đi tiểu rất ít không do nguyên nhân cản trở cơ giới, bí đái cơ năng thường liên quan đến viêm nhiễm phẫu thuật vùng tiểu khung phẫu thuật vùng xương chậu khớp háng cột sống vùng hậu môn trực tràng hoặc ảnh hưởng của thuốc tê mê, triệu chứng lâm sàng gồm đau tức vùng bụng dưới vùng bàng quang vùng trước xương mu khó chịu bứt rứt muốn đi tiểu nhưng không tiểu được căng tức bàng quang, khám bụng vùng hạ vị thấy cầu bàng quang, chẩn đoán chủ yếu dựa vào thăm khám lâm sàng","Tiểu tiện nhỏ giọt, không dễ dàng, tia nhỏ không thông, hoặc không tiểu tiện được. Họng khô, phiền khát, thích uống nước. Thở ngắn gấp, rêu lưỡi vàngmỏng. Mạch sác.",HƯỚNG DẪN CHẨN ĐOÁN VÀ ĐIỀU TRỊ BỆNH THEO Y HỌC CỔ TRUYỀN KẾT HỢP Y HỌC CỔ TRUYỀN VÀ Y HỌC HIỆN ĐẠI - Trang 142
SP073,Thể khí trệ huyết ứ,,Bí đái cơ năng (Long bế),"Nội nhân (cáu giận), Bất nội ngoại nhân (sau phẫu thuật)","Can, Bàng quang",Lý thực,"Bí đái được chẩn đoán khi trong bàng quang có nhiều nước tiểu nhưng người bệnh không đi tiểu được hoặc đi tiểu rất ít không do nguyên nhân cản trở cơ giới, bí đái cơ năng thường liên quan đến viêm nhiễm phẫu thuật vùng tiểu khung phẫu thuật vùng xương chậu khớp háng cột sống vùng hậu môn trực tràng hoặc ảnh hưởng của thuốc tê mê, triệu chứng lâm sàng gồm đau tức vùng bụng dưới vùng bàng quang vùng trước xương mu khó chịu bứt rứt muốn đi tiểu nhưng không tiểu được căng tức bàng quang, khám bụng vùng hạ vị thấy cầu bàng quang, chẩn đoán chủ yếu dựa vào thăm khám lâm sàng","Sau khi tình chí uất hận hoặc sau phẫu thuật, giang môn bị đau quá dẫn đến tiểu tiện đột ngột không thông hoặc thông mà không dễ dàng, bụng đầy trướng hoặc đau, dễ bị xúc động, buồn phiền, dễ cáu giận, rêu lưỡi vàng, chất lưỡi đỏ. Mạchhuyền.",HƯỚNG DẪN CHẨN ĐOÁN VÀ ĐIỀU TRỊ BỆNH THEO Y HỌC CỔ TRUYỀN KẾT HỢP Y HỌC CỔ TRUYỀN VÀ Y HỌC HIỆN ĐẠI - Trang 143
SP074,Thể thận khí hư,,Bí đái cơ năng (Long bế),Bất nội ngoại nhân (nội thương),"Thận, Bàng quang",Lý hư hàn,"Bí đái được chẩn đoán khi trong bàng quang có nhiều nước tiểu nhưng người bệnh không đi tiểu được hoặc đi tiểu rất ít không do nguyên nhân cản trở cơ giới, bí đái cơ năng thường liên quan đến viêm nhiễm phẫu thuật vùng tiểu khung phẫu thuật vùng xương chậu khớp háng cột sống vùng hậu môn trực tràng hoặc ảnh hưởng của thuốc tê mê, triệu chứng lâm sàng gồm đau tức vùng bụng dưới vùng bàng quang vùng trước xương mu khó chịu bứt rứt muốn đi tiểu nhưng không tiểu được căng tức bàng quang, khám bụng vùng hạ vị thấy cầu bàng quang, chẩn đoán chủ yếu dựa vào thăm khám lâm sàng","Thường gặp ở người cao tuổi, người bệnh tiểu ít, tiểu khó, kèm đau lưng mỏi gối, chân không ấm, chất lưỡi bệu, rêu lưỡi trắng. Mạch trầm nhược.",HƯỚNG DẪN CHẨN ĐOÁN VÀ ĐIỀU TRỊ BỆNH THEO Y HỌC CỔ TRUYỀN KẾT HỢP Y HỌC CỔ TRUYỀN VÀ Y HỌC HIỆN ĐẠI - Trang 144
SP075,"Thể nhiệt độc (tương ứng với trĩ nội độ 1, 2)",,Bệnh trĩ (Hạ trĩ),Bất nội ngoại nhân (nội thương),"Bệnh tại phủ đại trường, giang môn",Lý thực nhiệt,"Chẩn đoán bệnh trĩ dựa vào triệu chứng lâm sàng và soi hậu môn bằng ống cứng, biểu hiện lâm sàng thường gặp là đại tiện ra máu tươi và sa búi trĩ, thăm khám và soi hậu môn trực tràng có thể phát hiện trĩ nội trĩ ngoại nếp da thừa sa niêm mạc chuyển tiếp vùng lược, trĩ nội được phân độ thành bốn mức từ độ một đến độ bốn dựa trên mức độ sa búi trĩ và khả năng tự co hoặc phải đẩy lên.","Đại tiện có kèm theo máu tươi với nhiều mức độ chảy máu: thấm giấy vệ sinh, nhỏ giọt hoặc thành tia. Người nóng, hậu môn nóng, khối trĩ sa ra ít hoặc không sa, không chảy dịch, không chảy mủ. Tiểu vàng lượng ít, đại tiện táo kết, lưỡi đỏ rêu vàng. Mạch sác.",HƯỚNG DẪN CHẨN ĐOÁN VÀ ĐIỀU TRỊ BỆNH THEO Y HỌC CỔ TRUYỀN KẾT HỢP Y HỌC CỔ TRUYỀN VÀ Y HỌC HIỆN ĐẠI - Trang 147
SP076,Thể huyết ứ (tương ứng với trĩ tắc mạch),,Bệnh trĩ (Hạ trĩ),Bất nội ngoại nhân,Bệnh tại giang môn,Lý thực,"Chẩn đoán bệnh trĩ dựa vào triệu chứng lâm sàng và soi hậu môn bằng ống cứng, biểu hiện lâm sàng thường gặp là đại tiện ra máu tươi và sa búi trĩ, thăm khám và soi hậu môn trực tràng có thể phát hiện trĩ nội trĩ ngoại nếp da thừa sa niêm mạc chuyển tiếp vùng lược, trĩ nội được phân độ thành bốn mức từ độ một đến độ bốn dựa trên mức độ sa búi trĩ và khả năng tự co hoặc phải đẩy lên.","Búi trĩ sưng, chắc, đau nhức, tím sẫm màu, ấn đau, không chảy dịch, không chảy mủ. Đại tiện có máu tươi. Lưỡi tím, có điểm ứ huyết, rêu lưỡi mỏng trắng hoặc trắng nhớt. Mạch hoạt",HƯỚNG DẪN CHẨN ĐOÁN VÀ ĐIỀU TRỊ BỆNH THEO Y HỌC CỔ TRUYỀN KẾT HỢP Y HỌC CỔ TRUYỀN VÀ Y HỌC HIỆN ĐẠI - Trang 148
SP077,"Thể thấp nhiệt (tương ứng với trĩ viêm, loét)",,Bệnh trĩ (Hạ trĩ),Nội nhân + Bất nội ngoại nhân,"Đại trường, giang môn",Lý thực nhiệt,"Chẩn đoán bệnh trĩ dựa vào triệu chứng lâm sàng và soi hậu môn bằng ống cứng, biểu hiện lâm sàng thường gặp là đại tiện ra máu tươi và sa búi trĩ, thăm khám và soi hậu môn trực tràng có thể phát hiện trĩ nội trĩ ngoại nếp da thừa sa niêm mạc chuyển tiếp vùng lược, trĩ nội được phân độ thành bốn mức từ độ một đến độ bốn dựa trên mức độ sa búi trĩ và khả năng tự co hoặc phải đẩy lên.","Vùng hậu môn đau, tiết nhiều dịch, trĩ sa ra ngoài khó đẩy vào, có thể có điểm hoại tử bề mặt búi trĩ, hoặc có điểm loét chảy dịch vàng hôi, đại tiện táo, lưỡi bệu nhớt, rêu vàng. Mạch hoạt sác.",HƯỚNG DẪN CHẨN ĐOÁN VÀ ĐIỀU TRỊ BỆNH THEO Y HỌC CỔ TRUYỀN KẾT HỢP Y HỌC CỔ TRUYỀN VÀ Y HỌC HIỆN ĐẠI - Trang 149
SP078,"Thể khí huyết lưỡng hư (tương ứng trĩ hỗn hợp độ IV, trĩ lâu ngày gây thiếu máu)",,Bệnh trĩ (Hạ trĩ),Bất nội ngoại nhân,"Tỳ, Vị, Can, Thận, Đại trường, giang môn",Lý hư hàn,"Chẩn đoán bệnh trĩ dựa vào triệu chứng lâm sàng và soi hậu môn bằng ống cứng, biểu hiện lâm sàng thường gặp là đại tiện ra máu tươi và sa búi trĩ, thăm khám và soi hậu môn trực tràng có thể phát hiện trĩ nội trĩ ngoại nếp da thừa sa niêm mạc chuyển tiếp vùng lược, trĩ nội được phân độ thành bốn mức từ độ một đến độ bốn dựa trên mức độ sa búi trĩ và khả năng tự co hoặc phải đẩy lên.","Đại tiện ra máu lâu ngày, hoa mắt chóng mặt, ù tai, mặt trắng nhợt, người mệt mỏi, đoản hơi. Rêu lưỡi trắng mỏng. Mạch trầm tế.",HƯỚNG DẪN CHẨN ĐOÁN VÀ ĐIỀU TRỊ BỆNH THEO Y HỌC CỔ TRUYỀN KẾT HỢP Y HỌC CỔ TRUYỀN VÀ Y HỌC HIỆN ĐẠI - Trang 150
SP079,Thể phong nhiệt,"Ngoại cảm phong nhiệt xâm phạm phế vệ, thường gặp trong các trường hợp cảm mạo, viêm đường hô hấp trên do phong nhiệt.",Cảm mạo (Ngoại cảm phong nhiệt),Ngoại nhân (phong nhiệt),"Phế, Vệ khí","Biểu, thực, nhiệt","Viêm đường hô hấp trên do virus hoặc vi khuẩn: viêm họng cấp, viêm amidan cấp, cảm cúm. Xét nghiệm có thể thấy bạch cầu tăng nhẹ, CRP tăng.","Sốt, sợ gió, đau đầu, ho, đau rát họng, họng đỏ sưng, đờm đặc hoặc vàng, nước mũi đặc vàng, khát nước, thích uống nước mát, người nóng hâm hấp, ra ít mồ hôi, tiểu vàng, rìa lưỡi đỏ, rêu lưỡi mỏng vàng. Mạch phù sác.",Sách: ĐHY.Dược Học Cổ Truyền (NXB Y Học 2002) - Phạm Xuân Sinh / Hướng dẫn chẩn đoán BYT
